item,quantity_full_robot,minimum_test_quantity,status,purpose_or_blocker,evidence
Tab5,1,0,retained_candidate,Face; candidate J9 pin1 GND pin2 SYS_VIN; mating orientation branch protection and actual revision pending,schematics/power/rc_supply_candidate.json
XL330-M288-T,6,1,retained_candidate,single joint after bench electrical gate; not continuous stall rated,board/mechanical/prototype/bom.csv
XC330-M288-T,6,1,retained_candidate,second actuator type qualification after first stage,board/mechanical/prototype/bom.csv
Sole and yoke candidate,2 sets,1 set,unpowered_test_piece,print material and orientation must be recorded; strength not released,board/mechanical/prototype/foot_candidate/README.md
NBK SLH-M2-10 screw,14,1,nominal_fit_candidate,Feet 2 + yaw mount plates 8 + yaw backing keepers 4; torque and anti-loosening pending,board/mechanical/prototype/yaw_support_candidate/revA/README_ja.md
PTS A56202 external nut,10,1,nominal_fit_candidate,Feet 2 + yaw mount plates 8; thread tolerance preload and assembly access pending,board/mechanical/prototype/yaw_support_candidate/revA/README_ja.md
SCW-SOLE-SPACER-01 revA,10,1,custom_candidate,"SUS304 proposed; OD5.95-6 ID2.3-2.35 thickness0.85-0.95; rounded edge candidate not manufacturing release; quantity: feet 2 + yaw mount plates 8, excludes spares/coupons",docs/prototype/mechanical/sole_spacer/specification.json
Ultrafuse TPU95A sole,not selected,0,comparison_material_unconfirmed,User permits ABS/PETG/TPU; available TPU grade unknown; compare retained sole and split contact construction; prior results do not qualify available material,validation/tpu_retention_material_review_v1
NP-F550 battery,not selected,0,historical_alternative,Superseded as primary candidate by compact 3S Tattu; do not add both battery masses,board/mechanical/prototype/bom.csv
Pololu D42V55F5,unselected,1,candidate_for_bench,Alternative to UBEC; full model DC envelope9.834A not a measured hardware ceiling; thermal and transient suitability pending,https://www.pololu.com/product/5571
Vishay AC10 5.1 ohm,2,2,evaluation_candidate,exact order code thermal mounting SOA of companion switch unresolved; 4.7 ohm card remains historical,validation/brake_51ohm_envelope_faults_v1
360 ohm bleed resistor,2,2,candidate,CRCW1206e3 derived code needs purchasing verification and thermal check,schematics/power/passive_discharge_candidate.json
INA180A1,2,1,candidate,shunt comparator latch and fault isolation not released,validation/brake_current_sensor_budget_v1
0.1 ohm shunt,2,1,specification_only,part number pulse rating tolerance and Kelvin layout unresolved,validation/brake_shunt_insertion_v1
TPS70933DBVR,1,1,candidate,auxiliary supply; effective capacitance and pin level review pending,schematics/power/aux_sequence_candidate.json
TPS3840PL30 and TPS3700,1 each,1 each,candidate,sequence only; not complete battery or fault protection,schematics/power/aux_sequence_candidate.json
AO3400A brake MOSFET and gate drive,2 MOSFETs for common brake,1 branch,evaluation_candidate,MOSFET candidate only; actual gate driver SOA temperature and control-power-loss behavior unqualified,schematics/power/brake_mosfet_candidate.json
Fuse reverse protection physical disconnect latch reset,TBD,1 bench chain,unselected,DC interrupt current wiring coordination and no automatic restart required,docs/prototype/engineering/prototype_decision/DECISION_ja.md
Connectors harness and fasteners,TBD,1 test harness,unselected,wire current temperature voltage drop mating and strain relief required,docs/prototype/engineering/prototype_decision/DECISION_ja.md
Current limited bench supply and independent disconnect,external equipment,1 set,select_before_power,5 V supply plus regeneration sink or qualified external clamp; no assumed sink capability,docs/prototype/engineering/prototype_decision/TEST_PLAN_ja.md
JST EHR-3 and SEH-001T-P0.6,12 housings and 36 contacts,1 housing and 3 contacts,candidate_not_released,Individual supply branch; AWG22 wire part and crimp tool unresolved; retain existing servo header,schematics/power/servo_connector_candidate.json
Alpha Wire 3051 AWG22,not selected for robot,250 mm per conductor planning length,stationary_jig_candidate,exact ordering code crimp process resistance upper bound pending; not dynamic flex qualified,validation/servo_wire_selection_v1
UCC27517DBVR gate driver,2,1,evaluation_candidate,Load-side bus powered; comparator reference gate network and startup qualification pending,schematics/power/brake_gate_driver_candidate.json
TPS3700DDCR brake detector,2 additional to battery monitor,1,evaluation_candidate,Bus powered internal reference; divider parts output loading and startup protection pending,schematics/power/brake_detector_candidate.json
TNPW0603127KBYEA and TNPW060310K0BYEA,2 each,1 each,evaluation_candidate,Derived order codes; 0.1 percent 10ppm divider; board leakage actual temperature and ordering confirmation pending,validation/brake_divider_parts_v1/README.md
TPS70933DBVR sensor supply,2 additional to upstream AUX regulator,1,evaluation_candidate,Dedicated sensor rails fed upstream of main disconnect; capacitors validity monitor and default-off isolation pending,schematics/power/brake_sensor_supply_candidate.json
TPS259823ONRGE main eFuse,rail count TBD,1,evaluation_candidate,Forward overcurrent candidate only; reverse isolation manual rearm and current coordination pending,schematics/power/main_efuse_candidate.json
SN74HCS74PW permission latch,1,1,evaluation_candidate,Direct single-FF wiring rejected; healthy release qualification POR debounce and default-off EN stage pending,schematics/power/manual_rearm_latch_candidate.json
MAX6816EUS+T enable debounce,1,1,evaluation_candidate,Active-low output needs qualified inverter; UVLO transparent; separate stop path,schematics/power/manual_button_candidate.json
SN74LVC1G04DBVR button inverter,1,1,evaluation_candidate,Static input margin conditional on logic rail; input edge-rate and clock compatibility pending,validation/manual_button_inverter_v1/README.md
NBK SNS-M3-16 yaw rear main bolts,8,4,preferred_candidate_not_released,SCM435 black oxide 12.9; preserve old 8.8 screening; washer fillet seating preload and full tolerances pending,docs/prototype/mechanical/yaw_support/rear_bolt_candidate.json
Nexperia 74LVC1G17GV release MR buffer,1,1,preferred_schmitt_candidate,Unlimited input rise/fall; MR DC output checked; input threshold interval power sequencing and footprint pending,validation/manual_release_schmitt_buffer_v1/README_ja.md
TPS3808G33DBVR manual rearm rail supervisor,1,1,pin_candidate_not_released,Separate from release timer; reset fanout transient and external fault sinks pending,schematics/power/manual_rearm_supervisor_candidate.json
74LVC1G17GV main EN buffer,1,1,conditional_candidate,Separate from release MR buffer; brownout inhibit and command source incomplete,schematics/power/main_enable_driver_candidate.json
TPS3808G33DBVR clamp-cause rail supervisor,1,1,conditional_candidate,revH U9 drives RAIL_HEALTH_N; U10 drives main EN; transient and restart qualification pending,schematics/power/manual_rearm_revH/assembly.json
TPS3808G01DBVR EN reset follower,1,1,conditional_candidate,revE separate cause path; command cancellation and transient qualification pending,schematics/power/main_clamp_cause_candidate.json
74LVC1G17GV clamp level buffer,1,1,conditional_candidate,Additional revE buffer on input5V; whole-interval threshold qualification pending,schematics/power/main_clamp_cause_candidate.json
A5052P-H34 rear structural plate t2 mm,1,1,material_candidate_not_released,Stock form confirmed; thickness tolerance finished flatness fastening and strength pending,docs/prototype/mechanical/yaw_support/PLATE_MATERIAL_ja.md
A5052P-H34 threaded backing plate t3 mm,2,1,material_candidate_not_released,Supplier stock tolerance +/-0.13 mm; effective thread engagement and pullout not qualified,docs/prototype/mechanical/yaw_support/PLATE_MATERIAL_ja.md
TPS3700DDCR PG receiver,1,1,conditional_dc_candidate,revH U12; U13 receiver installed in candidate; sequencer and power-transition validity pending,schematics/power/pg_receiver_candidate.json
Nexperia 74AUP1G06GW sequence clear sink,1,1,conditional_candidate,revH U14; driver and pulse timing incomplete,schematics/power/sequence_clear_sink_candidate.json
B3U-1000P local enable button,1,1,pin_candidate_not_released,revI SW1 integrated locally; raw protection footprint and enclosure actuation pending,schematics/power/manual_rearm_revI/README_ja.md
Yaw candidate body shroud,1,1,geometry_candidate_not_released,Current tool-access shroud; print material process and whole-body strength pending,board/mechanical/prototype/yaw_support_candidate/revA/README_ja.md
Yaw fixed support keeper-v2,2,1,geometry_candidate_not_released,Current left/right supports; print material orientation and joint strength pending,board/mechanical/prototype/yaw_support_candidate/revA/README_ja.md
SUS304 yaw servo mount plate t1 mm,2,1,material_candidate_not_released,Metal seat v4; tapping screw seating tolerances and strength pending,board/mechanical/prototype/yaw_support_candidate/revA/README_ja.md
Yaw rear M3 washer OD7 ID3.2 t0.5 mm,8,1,specification_only,Material part number bore chamfer and bolt underhead fit unresolved; do not substitute sole spacer,board/mechanical/prototype/yaw_support_candidate/revA/README_ja.md
SN74HCS11PWR permission and release gates,1,1,conditional_candidate,revH U3; shared three-input gates; not a complete sequencer,schematics/power/manual_rearm_revH/assembly.json
TPS3808G33DBVR release qualification timer,1,1,conditional_candidate,revH U5; separate from rail supervisor U7 and clamp-cause supervisor U9,schematics/power/manual_release_timer_candidate.json
74LVC1G17GV PG receiver output buffer,1,1,conditional_candidate,revH U13; additional to U4 U8 U11; power transition validity pending,schematics/power/pg_receiver_candidate.json
Manual rearm resistor set,14,14,selected_candidates_not_released,revH R1-R14; quantity and exact part candidates in generated BOM,validation/manual_rearm_bom_v1/bom.csv
Murata GRM31C5C1H104JA01L local bypass capacitors,15,15,selected_candidate_not_released,revI C1-C15; 100nF 50V C0G 1206; placement and high-frequency decoupling unqualified,schematics/power/manual_rearm_capacitors.json
74LVC1G17GV local raw button receiver,1,1,pin_candidate_not_released,revI U15; local PCB signal only; not an external cable input,schematics/power/manual_rearm_revI/README_ja.md
Vishay TNPW06033K00BYEA local button pullup R15,1,1,selected_candidate_not_released,3k 0603 0.1 percent 10ppm; retains total +/-1 percent comparison; board temperature and stock pending,validation/manual_rearm_resistors_v2/README_ja.md
Tattu TA-45C-850-3S1P-XT30,1,0,packaging_candidate,3S 850mAh 76g catalog; cell protection charging retention and leads pending,schematics/power/rc_supply_candidate.json
HOBBYWING 30603000 5V version,2 proposed,1,electrical_candidate,Separate left/right outputs; supplier revision accuracy regeneration and switch behavior pending,schematics/power/rc_supply_candidate.json
Battery tray revB PETG,1,1,unpowered_shape_candidate,STEP/STL plus guides; 7.837g solid-density estimate only; process and strength not released,board/mechanical/prototype/rc_battery_tray_revB/material_candidate.json
Battery retention belt,1,0,unselected,10x1mm envelope only; exact belt buckle padding pressure and strength unresolved,validation/battery_retention_envelope_v1/README_ja.md
SkyRC B6ACneo SK-100200,external equipment,0,accuracy_unqualified,Removed-pack balance charging candidate; voltage/current tolerance and adapter unresolved; not onboard mass,schematics/power/external_charger_candidate.json
3S cell monitoring and protection,TBD,0,unselected,Pack voltage monitor is insufficient; sensing connector disconnection and cutoff recovery require design,schematics/power/aux_sequence_candidate.json
Tab5 J9 mating harness,1,0,unselected,Logical pins known; connector retention keying current rating and cable routing not qualified,schematics/power/rc_supply_candidate.json
