reference,part,pin,net
U1,MAX6816EUS+T,1,GND
U1,MAX6816EUS+T,2,BUTTON_RAW
U1,MAX6816EUS+T,3,BUTTON_RELEASED
U1,MAX6816EUS+T,4,LOGIC3V3
U2,SN74LVC1G04DBVR,1,NC
U2,SN74LVC1G04DBVR,2,BUTTON_RELEASED
U2,SN74LVC1G04DBVR,3,GND
U2,SN74LVC1G04DBVR,4,PRESS
U2,SN74LVC1G04DBVR,5,LOGIC3V3
U3,SN74HCS11PWR,1,RESET_N
U3,SN74HCS11PWR,2,RAW_RELEASED_CONDITIONED
U3,SN74HCS11PWR,3,ENABLE_PERMISSION
U3,SN74HCS11PWR,4,SEQUENCE_ENABLE_REQUEST
U3,SN74HCS11PWR,5,RESET_N
U3,SN74HCS11PWR,6,POWER_ENABLE_COMMAND
U3,SN74HCS11PWR,7,GND
U3,SN74HCS11PWR,8,NC
U3,SN74HCS11PWR,9,GND
U3,SN74HCS11PWR,10,GND
U3,SN74HCS11PWR,11,GND
U3,SN74HCS11PWR,12,RELEASE_CONDITION
U3,SN74HCS11PWR,13,BUTTON_RELEASED
U3,SN74HCS11PWR,14,LOGIC3V3
U4,74LVC1G17GV,1,NC
U4,74LVC1G17GV,2,RELEASE_CONDITION
U4,74LVC1G17GV,3,GND
U4,74LVC1G17GV,4,RELEASE_MR
U4,74LVC1G17GV,5,LOGIC3V3
U5,TPS3808G33DBVR,1,RELEASE_QUALIFIED
U5,TPS3808G33DBVR,2,GND
U5,TPS3808G33DBVR,3,RELEASE_MR
U5,TPS3808G33DBVR,4,TIMER_CT
U5,TPS3808G33DBVR,5,LOGIC3V3
U5,TPS3808G33DBVR,6,LOGIC3V3
U6,SN74HCS74PW,1,RESET_N
U6,SN74HCS74PW,2,LOGIC3V3
U6,SN74HCS74PW,3,RELEASE_QUALIFIED
U6,SN74HCS74PW,4,LOGIC3V3
U6,SN74HCS74PW,5,ARMED
U6,SN74HCS74PW,6,NC
U6,SN74HCS74PW,7,GND
U6,SN74HCS74PW,8,NC
U6,SN74HCS74PW,9,ENABLE_PERMISSION
U6,SN74HCS74PW,10,LOGIC3V3
U6,SN74HCS74PW,11,PRESS
U6,SN74HCS74PW,12,ARMED
U6,SN74HCS74PW,13,RESET_N
U6,SN74HCS74PW,14,LOGIC3V3
R1,100k value candidate; exact part/tolerance pending,1,LOGIC3V3
R1,100k value candidate; exact part/tolerance pending,2,TIMER_CT
R2,100k value candidate; exact part/tolerance pending,1,LOGIC3V3
R2,100k value candidate; exact part/tolerance pending,2,RELEASE_QUALIFIED
C1,100nF local ceramic candidate; exact part pending,1,LOGIC3V3
C1,100nF local ceramic candidate; exact part pending,2,GND
C2,100nF local ceramic candidate; exact part pending,1,LOGIC3V3
C2,100nF local ceramic candidate; exact part pending,2,GND
C3,100nF local ceramic candidate; exact part pending,1,LOGIC3V3
C3,100nF local ceramic candidate; exact part pending,2,GND
C4,100nF local ceramic candidate; exact part pending,1,LOGIC3V3
C4,100nF local ceramic candidate; exact part pending,2,GND
C5,100nF local ceramic candidate; exact part pending,1,LOGIC3V3
C5,100nF local ceramic candidate; exact part pending,2,GND
C6,100nF local ceramic candidate; exact part pending,1,LOGIC3V3
C6,100nF local ceramic candidate; exact part pending,2,GND
SW1,NO momentary enable button; part/contact characteristics pending,1,BUTTON_RAW
SW1,NO momentary enable button; part/contact characteristics pending,2,GND
U7,TPS3808G33DBVR,1,RESET_N
U7,TPS3808G33DBVR,2,GND
U7,TPS3808G33DBVR,3,RAIL_HEALTH_N
U7,TPS3808G33DBVR,4,SUPERVISOR_CT
U7,TPS3808G33DBVR,5,LOGIC3V3
U7,TPS3808G33DBVR,6,LOGIC3V3
R3,100k value candidate; exact part/tolerance pending,1,LOGIC3V3
R3,100k value candidate; exact part/tolerance pending,2,SUPERVISOR_CT
R4,100k value candidate; exact part/tolerance pending,1,LOGIC3V3
R4,100k value candidate; exact part/tolerance pending,2,RESET_N
C7,100nF local ceramic candidate; exact part pending,1,LOGIC3V3
C7,100nF local ceramic candidate; exact part pending,2,GND
U8,74LVC1G17GV,1,NC
U8,74LVC1G17GV,2,POWER_ENABLE_COMMAND
U8,74LVC1G17GV,3,GND
U8,74LVC1G17GV,4,ENABLE_BUFFER_OUT
U8,74LVC1G17GV,5,LOGIC3V3
R5,"39k pulldown; total +/-1% budget, part pending",1,MAIN_EFUSE_EN
R5,"39k pulldown; total +/-1% budget, part pending",2,GND
R6,"220k pulldown; total +/-1% budget, part pending",1,POWER_ENABLE_COMMAND
R6,"220k pulldown; total +/-1% budget, part pending",2,GND
C8,100nF local ceramic candidate; part pending,1,LOGIC3V3
C8,100nF local ceramic candidate; part pending,2,GND
R7,"4.7k series; total +/-1% budget, part pending",1,ENABLE_BUFFER_OUT
R7,"4.7k series; total +/-1% budget, part pending",2,MAIN_EFUSE_EN
U9,TPS3808G33DBVR,1,RAIL_HEALTH_N
U9,TPS3808G33DBVR,2,GND
U9,TPS3808G33DBVR,3,EFUSE_INPUT_5V
U9,TPS3808G33DBVR,4,CLAMP_CT
U9,TPS3808G33DBVR,5,LOGIC3V3
U9,TPS3808G33DBVR,6,EFUSE_INPUT_5V
R8,100k CT candidate; part pending,1,EFUSE_INPUT_5V
R8,100k CT candidate; part pending,2,CLAMP_CT
C9,100nF local ceramic candidate; part pending,1,EFUSE_INPUT_5V
C9,100nF local ceramic candidate; part pending,2,GND
U10,TPS3808G01DBVR,1,MAIN_EFUSE_EN
U10,TPS3808G01DBVR,2,GND
U10,TPS3808G01DBVR,3,CLAMP_MR_5V
U10,TPS3808G01DBVR,4,NC
U10,TPS3808G01DBVR,5,EFUSE_INPUT_5V
U10,TPS3808G01DBVR,6,EFUSE_INPUT_5V
U11,74LVC1G17GV,1,NC
U11,74LVC1G17GV,2,RAIL_HEALTH_N
U11,74LVC1G17GV,3,GND
U11,74LVC1G17GV,4,CLAMP_MR_5V
U11,74LVC1G17GV,5,EFUSE_INPUT_5V
R9,"10k cause pullup; total +/-1% budget, part pending",1,LOGIC3V3
R9,"10k cause pullup; total +/-1% budget, part pending",2,RAIL_HEALTH_N
C10,100nF local ceramic candidate; part pending,1,EFUSE_INPUT_5V
C10,100nF local ceramic candidate; part pending,2,GND
C11,100nF local ceramic candidate; part pending,1,EFUSE_INPUT_5V
C11,100nF local ceramic candidate; part pending,2,GND
