reference,part,source_assembly,source_reference,selection_status
BAT__U_CELL_PROTECT,BQ7694202PFBR,schematics/power/battery_protection_integration_candidate_v1/assembly.json,U_CELL_PROTECT,candidate_not_procurement_qualified
BAT__Q_CHG,CSD18540Q5BT,schematics/power/battery_protection_integration_candidate_v1/assembly.json,Q_CHG,candidate_not_procurement_qualified
BAT__Q_DSG,CSD18540Q5BT,schematics/power/battery_protection_integration_candidate_v1/assembly.json,Q_DSG,candidate_not_procurement_qualified
BAT__R_GATE_CHG,TNPW06031K00BEEA,schematics/power/battery_protection_integration_candidate_v1/assembly.json,R_GATE_CHG,candidate_not_procurement_qualified
BAT__R_GS_CHG,TNPW08051M00BEEA,schematics/power/battery_protection_integration_candidate_v1/assembly.json,R_GS_CHG,candidate_not_procurement_qualified
BAT__D_GS_CHG,BZT52H-C16,schematics/power/battery_protection_integration_candidate_v1/assembly.json,D_GS_CHG,ordering_suffix_pending
BAT__R_GATE_DSG,TNPW06031K00BEEA,schematics/power/battery_protection_integration_candidate_v1/assembly.json,R_GATE_DSG,candidate_not_procurement_qualified
BAT__R_GS_DSG,TNPW08051M00BEEA,schematics/power/battery_protection_integration_candidate_v1/assembly.json,R_GS_DSG,candidate_not_procurement_qualified
BAT__D_GS_DSG,BZT52H-C16,schematics/power/battery_protection_integration_candidate_v1/assembly.json,D_GS_DSG,ordering_suffix_pending
BAT__R_CELL_0,TNPW060322R1BEEA,schematics/power/battery_protection_integration_candidate_v1/assembly.json,R_CELL_0,candidate_not_procurement_qualified
BAT__R_CELL_1,TNPW060322R1BEEA,schematics/power/battery_protection_integration_candidate_v1/assembly.json,R_CELL_1,candidate_not_procurement_qualified
BAT__R_CELL_2,TNPW060322R1BEEA,schematics/power/battery_protection_integration_candidate_v1/assembly.json,R_CELL_2,candidate_not_procurement_qualified
BAT__R_CELL_3,TNPW060322R1BEEA,schematics/power/battery_protection_integration_candidate_v1/assembly.json,R_CELL_3,candidate_not_procurement_qualified
BAT__C_F0_0,C1206C104J3GACAUTO,schematics/power/battery_protection_integration_candidate_v1/assembly.json,C_F0_0,candidate_not_procurement_qualified
BAT__C_F0_1,C1206C104J3GACAUTO,schematics/power/battery_protection_integration_candidate_v1/assembly.json,C_F0_1,candidate_not_procurement_qualified
BAT__C_F0_2,C1206C104J3GACAUTO,schematics/power/battery_protection_integration_candidate_v1/assembly.json,C_F0_2,candidate_not_procurement_qualified
BAT__C_F0_3,C1206C104J3GACAUTO,schematics/power/battery_protection_integration_candidate_v1/assembly.json,C_F0_3,candidate_not_procurement_qualified
BAT__C_F0_4,C1206C104J3GACAUTO,schematics/power/battery_protection_integration_candidate_v1/assembly.json,C_F0_4,candidate_not_procurement_qualified
BAT__C_F0_5,C1206C104J3GACAUTO,schematics/power/battery_protection_integration_candidate_v1/assembly.json,C_F0_5,candidate_not_procurement_qualified
BAT__C_F1_0,C1206C104J3GACAUTO,schematics/power/battery_protection_integration_candidate_v1/assembly.json,C_F1_0,candidate_not_procurement_qualified
BAT__C_F1_1,C1206C104J3GACAUTO,schematics/power/battery_protection_integration_candidate_v1/assembly.json,C_F1_1,candidate_not_procurement_qualified
BAT__C_F1_2,C1206C104J3GACAUTO,schematics/power/battery_protection_integration_candidate_v1/assembly.json,C_F1_2,candidate_not_procurement_qualified
BAT__C_F1_3,C1206C104J3GACAUTO,schematics/power/battery_protection_integration_candidate_v1/assembly.json,C_F1_3,candidate_not_procurement_qualified
BAT__C_F1_4,C1206C104J3GACAUTO,schematics/power/battery_protection_integration_candidate_v1/assembly.json,C_F1_4,candidate_not_procurement_qualified
BAT__C_F1_5,C1206C104J3GACAUTO,schematics/power/battery_protection_integration_candidate_v1/assembly.json,C_F1_5,candidate_not_procurement_qualified
BAT__C_F2_0,C1206C104J3GACAUTO,schematics/power/battery_protection_integration_candidate_v1/assembly.json,C_F2_0,candidate_not_procurement_qualified
BAT__C_F2_1,C1206C104J3GACAUTO,schematics/power/battery_protection_integration_candidate_v1/assembly.json,C_F2_1,candidate_not_procurement_qualified
BAT__C_F2_2,C1206C104J3GACAUTO,schematics/power/battery_protection_integration_candidate_v1/assembly.json,C_F2_2,candidate_not_procurement_qualified
BAT__C_F2_3,C1206C104J3GACAUTO,schematics/power/battery_protection_integration_candidate_v1/assembly.json,C_F2_3,candidate_not_procurement_qualified
BAT__C_F2_4,C1206C104J3GACAUTO,schematics/power/battery_protection_integration_candidate_v1/assembly.json,C_F2_4,candidate_not_procurement_qualified
BAT__C_F2_5,C1206C104J3GACAUTO,schematics/power/battery_protection_integration_candidate_v1/assembly.json,C_F2_5,candidate_not_procurement_qualified
BAT__C_F3_0,C1206C104J3GACAUTO,schematics/power/battery_protection_integration_candidate_v1/assembly.json,C_F3_0,candidate_not_procurement_qualified
BAT__C_F3_1,C1206C104J3GACAUTO,schematics/power/battery_protection_integration_candidate_v1/assembly.json,C_F3_1,candidate_not_procurement_qualified
BAT__C_F3_2,C1206C104J3GACAUTO,schematics/power/battery_protection_integration_candidate_v1/assembly.json,C_F3_2,candidate_not_procurement_qualified
BAT__C_F3_3,C1206C104J3GACAUTO,schematics/power/battery_protection_integration_candidate_v1/assembly.json,C_F3_3,candidate_not_procurement_qualified
BAT__C_F3_4,C1206C104J3GACAUTO,schematics/power/battery_protection_integration_candidate_v1/assembly.json,C_F3_4,candidate_not_procurement_qualified
BAT__C_F3_5,C1206C104J3GACAUTO,schematics/power/battery_protection_integration_candidate_v1/assembly.json,C_F3_5,candidate_not_procurement_qualified
BAT__R_LD,TNPW060310K0BEEA,schematics/power/battery_protection_integration_candidate_v1/assembly.json,R_LD,candidate_not_procurement_qualified
BAT__R_PACK,TNPW060310K0BEEA,schematics/power/battery_protection_integration_candidate_v1/assembly.json,R_PACK,candidate_not_procurement_qualified
BAT__R_BAT,TNPW1206100RBEEA,schematics/power/battery_protection_integration_candidate_v1/assembly.json,R_BAT,candidate_not_procurement_qualified
BAT__D_BAT,BAS116,schematics/power/battery_protection_integration_candidate_v1/assembly.json,D_BAT,ordering_suffix_pending
BAT__C_BAT,C1206C105K3RACTU,schematics/power/battery_protection_integration_candidate_v1/assembly.json,C_BAT,candidate_not_procurement_qualified
BAT__C_REG18_0,C1206C105K3RACTU,schematics/power/battery_protection_integration_candidate_v1/assembly.json,C_REG18_0,candidate_not_procurement_qualified
BAT__C_REG18_1,C1206C105K3RACTU,schematics/power/battery_protection_integration_candidate_v1/assembly.json,C_REG18_1,candidate_not_procurement_qualified
BAT__C_REG18_2,C1206C105K3RACTU,schematics/power/battery_protection_integration_candidate_v1/assembly.json,C_REG18_2,candidate_not_procurement_qualified
BAT__C_CP1,C1206C105K3RACTU,schematics/power/battery_protection_integration_candidate_v1/assembly.json,C_CP1,candidate_not_procurement_qualified
BAT__R_SHUNT,WSK25125L000FEA,schematics/power/battery_protection_integration_candidate_v1/assembly.json,R_SHUNT,candidate_not_procurement_qualified
BAT__R_SRP,TNPW0603100RBEEA,schematics/power/battery_protection_integration_candidate_v1/assembly.json,R_SRP,candidate_not_procurement_qualified
BAT__R_SRN,TNPW0603100RBEEA,schematics/power/battery_protection_integration_candidate_v1/assembly.json,R_SRN,candidate_not_procurement_qualified
BAT__C_CURRENT,C1206C104J3GACAUTO,schematics/power/battery_protection_integration_candidate_v1/assembly.json,C_CURRENT,candidate_not_procurement_qualified
BAT__TH_CELL,103AT-2,schematics/power/battery_protection_integration_candidate_v1/assembly.json,TH_CELL,candidate_not_procurement_qualified
BAT__TH_FET,103AT-2,schematics/power/battery_protection_integration_candidate_v1/assembly.json,TH_FET,candidate_not_procurement_qualified
BAT__R_ALLOW_SER,TNPW06031K00BEEA,schematics/power/battery_protection_integration_candidate_v1/assembly.json,R_ALLOW_SER,candidate_not_procurement_qualified
BAT__R_ALLOW_PD,TNPW060310K0BEEA,schematics/power/battery_protection_integration_candidate_v1/assembly.json,R_ALLOW_PD,candidate_not_procurement_qualified
BAT__U_REG0_LIMIT,TPS26600RHFR,schematics/power/battery_protection_integration_candidate_v1/assembly.json,U_REG0_LIMIT,candidate_not_procurement_qualified
BAT__R_REG0_UV_TOP,TNPW060340K2BEEA,schematics/power/battery_protection_integration_candidate_v1/assembly.json,R_REG0_UV_TOP,candidate_not_procurement_qualified
BAT__R_REG0_UV_BOTTOM,TNPW060310K0BEEA,schematics/power/battery_protection_integration_candidate_v1/assembly.json,R_REG0_UV_BOTTOM,candidate_not_procurement_qualified
BAT__R_REG0_OV_TOP,TNPW0603124KBEEA,schematics/power/battery_protection_integration_candidate_v1/assembly.json,R_REG0_OV_TOP,candidate_not_procurement_qualified
BAT__R_REG0_OV_BOTTOM,TNPW060310K0BEEA,schematics/power/battery_protection_integration_candidate_v1/assembly.json,R_REG0_OV_BOTTOM,candidate_not_procurement_qualified
BAT__R_REG0_ILIM,TNPW0603118KBEEA,schematics/power/battery_protection_integration_candidate_v1/assembly.json,R_REG0_ILIM,candidate_not_procurement_qualified
BAT__C_REG0_PROTECT_IN_1,GRM31C5C1H104JA01L,schematics/power/battery_protection_integration_candidate_v1/assembly.json,C_REG0_PROTECT_IN_1,candidate_not_procurement_qualified
BAT__C_REG0_PROTECT_IN_2,GRM31C5C1H104JA01L,schematics/power/battery_protection_integration_candidate_v1/assembly.json,C_REG0_PROTECT_IN_2,candidate_not_procurement_qualified
BAT__C_REG0_PROTECT_OUT_1,GRM31C5C1H104JA01L,schematics/power/battery_protection_integration_candidate_v1/assembly.json,C_REG0_PROTECT_OUT_1,candidate_not_procurement_qualified
BAT__C_REG0_PROTECT_OUT_2,GRM31C5C1H104JA01L,schematics/power/battery_protection_integration_candidate_v1/assembly.json,C_REG0_PROTECT_OUT_2,candidate_not_procurement_qualified
BAT__R_REG0_MODE,TNPW0805402KBEEA,schematics/power/battery_protection_integration_candidate_v1/assembly.json,R_REG0_MODE,candidate_not_procurement_qualified
BAT__D_REG0,BAT46W-7-F,schematics/power/battery_protection_integration_candidate_v1/assembly.json,D_REG0,candidate_not_procurement_qualified
BAT__R_REG0_0,TNPW120644R2BEEA,schematics/power/battery_protection_integration_candidate_v1/assembly.json,R_REG0_0,candidate_not_procurement_qualified
BAT__R_REG0_1,TNPW120644R2BEEA,schematics/power/battery_protection_integration_candidate_v1/assembly.json,R_REG0_1,candidate_not_procurement_qualified
BAT__C_REG0,C1206C105K3RACTU,schematics/power/battery_protection_integration_candidate_v1/assembly.json,C_REG0,candidate_not_procurement_qualified
BAT__Q_REG0,FCX495TA,schematics/power/battery_protection_integration_candidate_v1/assembly.json,Q_REG0,candidate_not_procurement_qualified
BAT__C_REGIN,C0603C223K4RACTU,schematics/power/battery_protection_integration_candidate_v1/assembly.json,C_REGIN,candidate_not_procurement_qualified
BAT__C_REG1,C1206C105K3RACTU,schematics/power/battery_protection_integration_candidate_v1/assembly.json,C_REG1,candidate_not_procurement_qualified
BAT__R_BQ_SCL,TNPW06032K21BEEA,schematics/power/battery_protection_integration_candidate_v1/assembly.json,R_BQ_SCL,candidate_not_procurement_qualified
BAT__R_BQ_SDA,TNPW06032K21BEEA,schematics/power/battery_protection_integration_candidate_v1/assembly.json,R_BQ_SDA,candidate_not_procurement_qualified
BAT__R_BQ_ALERT,TNPW060310K0BEEA,schematics/power/battery_protection_integration_candidate_v1/assembly.json,R_BQ_ALERT,candidate_not_procurement_qualified
BAT__U_BQ_HOST,STM32G030F6P6,schematics/power/battery_protection_integration_candidate_v1/assembly.json,U_BQ_HOST,candidate_not_procurement_qualified
BAT__C_BQ_HOST_HF,GRM31C5C1H104JA01L,schematics/power/battery_protection_integration_candidate_v1/assembly.json,C_BQ_HOST_HF,candidate_not_procurement_qualified
BAT__C_BQ_HOST_BULK,GRM31CR71H475KA12L,schematics/power/battery_protection_integration_candidate_v1/assembly.json,C_BQ_HOST_BULK,candidate_not_procurement_qualified
BAT__C_BQ_HOST_NRST,GRM31C5C1H104JA01L,schematics/power/battery_protection_integration_candidate_v1/assembly.json,C_BQ_HOST_NRST,candidate_not_procurement_qualified
BAT__R_BQ_HOST_NRST,TNPW0603100KBEEA,schematics/power/battery_protection_integration_candidate_v1/assembly.json,R_BQ_HOST_NRST,candidate_not_procurement_qualified
BAT__R_BQ_AUX_START_REQUEST_PD,TNPW060347K5BEEA,schematics/power/battery_protection_integration_candidate_v1/assembly.json,R_BQ_AUX_START_REQUEST_PD,candidate_not_procurement_qualified
BAT__R_BQ_HOST_HEARTBEAT_PD,TNPW060310K0BEEA,schematics/power/battery_protection_integration_candidate_v1/assembly.json,R_BQ_HOST_HEARTBEAT_PD,candidate_not_procurement_qualified
BAT__U_BQ_HOST_SUP,TPS3808G01DBVR,schematics/power/battery_protection_integration_candidate_v1/assembly.json,U_BQ_HOST_SUP,candidate_not_procurement_qualified
BAT__R_BQ_HOST_SUP_TOP,TNPW060357K6BEEA,schematics/power/battery_protection_integration_candidate_v1/assembly.json,R_BQ_HOST_SUP_TOP,candidate_not_procurement_qualified
BAT__R_BQ_HOST_SUP_BOTTOM,TNPW060310K0BEEA,schematics/power/battery_protection_integration_candidate_v1/assembly.json,R_BQ_HOST_SUP_BOTTOM,candidate_not_procurement_qualified
BAT__C_BQ_HOST_SUP,GRM31C5C1H104JA01L,schematics/power/battery_protection_integration_candidate_v1/assembly.json,C_BQ_HOST_SUP,candidate_not_procurement_qualified
BAT__U_BQ_WD,TPS3431SDRBR,schematics/power/battery_protection_integration_candidate_v1/assembly.json,U_BQ_WD,candidate_not_procurement_qualified
BAT__C_BQ_WD,GRM31C5C1H104JA01L,schematics/power/battery_protection_integration_candidate_v1/assembly.json,C_BQ_WD,candidate_not_procurement_qualified
BAT__R_BQ_WD_CWD,TNPW060310K0BEEA,schematics/power/battery_protection_integration_candidate_v1/assembly.json,R_BQ_WD_CWD,candidate_not_procurement_qualified
BAT__U_BQ_RESET_BUFFER,74LVC1G17GV,schematics/power/battery_protection_integration_candidate_v1/assembly.json,U_BQ_RESET_BUFFER,candidate_not_procurement_qualified
BAT__C_BQ_RESET_BUFFER,GRM31C5C1H104JA01L,schematics/power/battery_protection_integration_candidate_v1/assembly.json,C_BQ_RESET_BUFFER,candidate_not_procurement_qualified
BAT__U_BQ_PERMIT_LATCH,SN74LVC1G74DCTR,schematics/power/battery_protection_integration_candidate_v1/assembly.json,U_BQ_PERMIT_LATCH,candidate_not_procurement_qualified
BAT__C_BQ_PERMIT_LATCH,GRM31C5C1H104JA01L,schematics/power/battery_protection_integration_candidate_v1/assembly.json,C_BQ_PERMIT_LATCH,candidate_not_procurement_qualified
BAT__U_BQ_MAIN_GATE,SN74LVC1G08DBVR,schematics/power/battery_protection_integration_candidate_v1/assembly.json,U_BQ_MAIN_GATE,candidate_not_procurement_qualified
BAT__C_BQ_MAIN_GATE,GRM31C5C1H104JA01L,schematics/power/battery_protection_integration_candidate_v1/assembly.json,C_BQ_MAIN_GATE,candidate_not_procurement_qualified
BAT__U_BQ_AUX_GATE,SN74LVC1G08DBVR,schematics/power/battery_protection_integration_candidate_v1/assembly.json,U_BQ_AUX_GATE,candidate_not_procurement_qualified
BAT__C_BQ_AUX_GATE,GRM31C5C1H104JA01L,schematics/power/battery_protection_integration_candidate_v1/assembly.json,C_BQ_AUX_GATE,candidate_not_procurement_qualified
BAT__R_MAIN_REQUEST_RAW_PD,TNPW060310K0BEEA,schematics/power/battery_protection_integration_candidate_v1/assembly.json,R_MAIN_REQUEST_RAW_PD,candidate_not_procurement_qualified
BAT__R_AUX_REQUEST_RAW_PD,TNPW060310K0BEEA,schematics/power/battery_protection_integration_candidate_v1/assembly.json,R_AUX_REQUEST_RAW_PD,candidate_not_procurement_qualified
BAT__R_ARM_EDGE_PD,TNPW060310K0BEEA,schematics/power/battery_protection_integration_candidate_v1/assembly.json,R_ARM_EDGE_PD,candidate_not_procurement_qualified
SYS__U1,MAX6816EUS+T,schematics/power/servo_power_pololu_discharge_candidate_v1/assembly.json,U1,candidate_not_procurement_qualified
SYS__U2,SN74LVC1G04DBVR,schematics/power/servo_power_pololu_discharge_candidate_v1/assembly.json,U2,candidate_not_procurement_qualified
SYS__U3,SN74HCS11PWR,schematics/power/servo_power_pololu_discharge_candidate_v1/assembly.json,U3,candidate_not_procurement_qualified
SYS__U4,74LVC1G17GV,schematics/power/servo_power_pololu_discharge_candidate_v1/assembly.json,U4,candidate_not_procurement_qualified
SYS__U5,TPS3808G33DBVR,schematics/power/servo_power_pololu_discharge_candidate_v1/assembly.json,U5,candidate_not_procurement_qualified
SYS__U6,SN74HCS74PW,schematics/power/servo_power_pololu_discharge_candidate_v1/assembly.json,U6,candidate_not_procurement_qualified
SYS__R1,100k value candidate; exact part/tolerance pending,schematics/power/servo_power_pololu_discharge_candidate_v1/assembly.json,R1,placeholder
SYS__R2,100k value candidate; exact part/tolerance pending,schematics/power/servo_power_pololu_discharge_candidate_v1/assembly.json,R2,placeholder
SYS__C1,GRM31C5C1H104JA01L,schematics/power/servo_power_pololu_discharge_candidate_v1/assembly.json,C1,candidate_not_procurement_qualified
SYS__C2,GRM31C5C1H104JA01L,schematics/power/servo_power_pololu_discharge_candidate_v1/assembly.json,C2,candidate_not_procurement_qualified
SYS__C3,GRM31C5C1H104JA01L,schematics/power/servo_power_pololu_discharge_candidate_v1/assembly.json,C3,candidate_not_procurement_qualified
SYS__C4,GRM31C5C1H104JA01L,schematics/power/servo_power_pololu_discharge_candidate_v1/assembly.json,C4,candidate_not_procurement_qualified
SYS__C5,GRM31C5C1H104JA01L,schematics/power/servo_power_pololu_discharge_candidate_v1/assembly.json,C5,candidate_not_procurement_qualified
SYS__C6,GRM31C5C1H104JA01L,schematics/power/servo_power_pololu_discharge_candidate_v1/assembly.json,C6,candidate_not_procurement_qualified
SYS__SW1,B3U-1000P,schematics/power/servo_power_pololu_discharge_candidate_v1/assembly.json,SW1,candidate_not_procurement_qualified
SYS__U7,TPS3808G33DBVR,schematics/power/servo_power_pololu_discharge_candidate_v1/assembly.json,U7,candidate_not_procurement_qualified
SYS__R3,100k value candidate; exact part/tolerance pending,schematics/power/servo_power_pololu_discharge_candidate_v1/assembly.json,R3,placeholder
SYS__R4,100k value candidate; exact part/tolerance pending,schematics/power/servo_power_pololu_discharge_candidate_v1/assembly.json,R4,placeholder
SYS__C7,GRM31C5C1H104JA01L,schematics/power/servo_power_pololu_discharge_candidate_v1/assembly.json,C7,candidate_not_procurement_qualified
SYS__U8,74LVC1G17GV,schematics/power/servo_power_pololu_discharge_candidate_v1/assembly.json,U8,candidate_not_procurement_qualified
SYS__R6,"220k pulldown; total +/-1% budget, part pending",schematics/power/servo_power_pololu_discharge_candidate_v1/assembly.json,R6,placeholder
SYS__C8,GRM31C5C1H104JA01L,schematics/power/servo_power_pololu_discharge_candidate_v1/assembly.json,C8,candidate_not_procurement_qualified
SYS__R7,"4.7k series; total +/-1% budget, part pending",schematics/power/servo_power_pololu_discharge_candidate_v1/assembly.json,R7,placeholder
SYS__U9,TPS3808G33DBVR,schematics/power/servo_power_pololu_discharge_candidate_v1/assembly.json,U9,candidate_not_procurement_qualified
SYS__R8,100k CT candidate; part pending,schematics/power/servo_power_pololu_discharge_candidate_v1/assembly.json,R8,placeholder
SYS__C9,GRM31C5C1H104JA01L,schematics/power/servo_power_pololu_discharge_candidate_v1/assembly.json,C9,candidate_not_procurement_qualified
SYS__U10,TPS3808G01DBVR,schematics/power/servo_power_pololu_discharge_candidate_v1/assembly.json,U10,candidate_not_procurement_qualified
SYS__U11,74LVC1G17GV,schematics/power/servo_power_pololu_discharge_candidate_v1/assembly.json,U11,candidate_not_procurement_qualified
SYS__R9,"10k cause pullup; total +/-1% budget, part pending",schematics/power/servo_power_pololu_discharge_candidate_v1/assembly.json,R9,placeholder
SYS__C10,GRM31C5C1H104JA01L,schematics/power/servo_power_pololu_discharge_candidate_v1/assembly.json,C10,candidate_not_procurement_qualified
SYS__C11,GRM31C5C1H104JA01L,schematics/power/servo_power_pololu_discharge_candidate_v1/assembly.json,C11,candidate_not_procurement_qualified
SYS__U14,74AUP1G06GW,schematics/power/servo_power_pololu_discharge_candidate_v1/assembly.json,U14,candidate_not_procurement_qualified
SYS__R14,TNPW12061K00BYEA,schematics/power/servo_power_pololu_discharge_candidate_v1/assembly.json,R14,candidate_not_procurement_qualified
SYS__C14,GRM31C5C1H104JA01L,schematics/power/servo_power_pololu_discharge_candidate_v1/assembly.json,C14,candidate_not_procurement_qualified
SYS__U15,74LVC1G17GV,schematics/power/servo_power_pololu_discharge_candidate_v1/assembly.json,U15,candidate_not_procurement_qualified
SYS__R15,3k local button pullup; total +/-1% budget; exact part pending,schematics/power/servo_power_pololu_discharge_candidate_v1/assembly.json,R15,placeholder
SYS__C15,GRM31C5C1H104JA01L,schematics/power/servo_power_pololu_discharge_candidate_v1/assembly.json,C15,candidate_not_procurement_qualified
SYS__LEFT_U12,TPS3700DDCR,schematics/power/servo_power_pololu_discharge_candidate_v1/assembly.json,LEFT_U12,candidate_not_procurement_qualified
SYS__LEFT_U13,74LVC1G17GV,schematics/power/servo_power_pololu_discharge_candidate_v1/assembly.json,LEFT_U13,candidate_not_procurement_qualified
SYS__LEFT_R10,TNPW0603150KBYEA,schematics/power/servo_power_pololu_discharge_candidate_v1/assembly.json,LEFT_R10,candidate_not_procurement_qualified
SYS__LEFT_R11,TNPW08051M00BYEA,schematics/power/servo_power_pololu_discharge_candidate_v1/assembly.json,LEFT_R11,candidate_not_procurement_qualified
SYS__LEFT_R12,TNPW0603330KBYEA,schematics/power/servo_power_pololu_discharge_candidate_v1/assembly.json,LEFT_R12,candidate_not_procurement_qualified
SYS__LEFT_R13,TNPW060310K0BYEA,schematics/power/servo_power_pololu_discharge_candidate_v1/assembly.json,LEFT_R13,candidate_not_procurement_qualified
SYS__LEFT_C12,GRM31C5C1H104JA01L,schematics/power/servo_power_pololu_discharge_candidate_v1/assembly.json,LEFT_C12,candidate_not_procurement_qualified
SYS__LEFT_C13,GRM31C5C1H104JA01L,schematics/power/servo_power_pololu_discharge_candidate_v1/assembly.json,LEFT_C13,candidate_not_procurement_qualified
SYS__RIGHT_U12,TPS3700DDCR,schematics/power/servo_power_pololu_discharge_candidate_v1/assembly.json,RIGHT_U12,candidate_not_procurement_qualified
SYS__RIGHT_U13,74LVC1G17GV,schematics/power/servo_power_pololu_discharge_candidate_v1/assembly.json,RIGHT_U13,candidate_not_procurement_qualified
SYS__RIGHT_R10,TNPW0603150KBYEA,schematics/power/servo_power_pololu_discharge_candidate_v1/assembly.json,RIGHT_R10,candidate_not_procurement_qualified
SYS__RIGHT_R11,TNPW08051M00BYEA,schematics/power/servo_power_pololu_discharge_candidate_v1/assembly.json,RIGHT_R11,candidate_not_procurement_qualified
SYS__RIGHT_R12,TNPW0603330KBYEA,schematics/power/servo_power_pololu_discharge_candidate_v1/assembly.json,RIGHT_R12,candidate_not_procurement_qualified
SYS__RIGHT_R13,TNPW060310K0BYEA,schematics/power/servo_power_pololu_discharge_candidate_v1/assembly.json,RIGHT_R13,candidate_not_procurement_qualified
SYS__RIGHT_C12,GRM31C5C1H104JA01L,schematics/power/servo_power_pololu_discharge_candidate_v1/assembly.json,RIGHT_C12,candidate_not_procurement_qualified
SYS__RIGHT_C13,GRM31C5C1H104JA01L,schematics/power/servo_power_pololu_discharge_candidate_v1/assembly.json,RIGHT_C13,candidate_not_procurement_qualified
SYS__LEFT_U_POWER,TPS259813LRPW,schematics/power/servo_power_pololu_discharge_candidate_v1/assembly.json,LEFT_U_POWER,candidate_not_procurement_qualified
SYS__LEFT_Q_REVERSE,SiSS80DN-T1-GE3 comparison only,schematics/power/servo_power_pololu_discharge_candidate_v1/assembly.json,LEFT_Q_REVERSE,candidate_not_procurement_qualified
SYS__LEFT_R_GATE,,schematics/power/servo_power_pololu_discharge_candidate_v1/assembly.json,LEFT_R_GATE,missing
SYS__LEFT_C_GATE,,schematics/power/servo_power_pololu_discharge_candidate_v1/assembly.json,LEFT_C_GATE,missing
SYS__RIGHT_U_POWER,TPS259813LRPW,schematics/power/servo_power_pololu_discharge_candidate_v1/assembly.json,RIGHT_U_POWER,candidate_not_procurement_qualified
SYS__RIGHT_Q_REVERSE,SiSS80DN-T1-GE3 comparison only,schematics/power/servo_power_pololu_discharge_candidate_v1/assembly.json,RIGHT_Q_REVERSE,candidate_not_procurement_qualified
SYS__RIGHT_R_GATE,,schematics/power/servo_power_pololu_discharge_candidate_v1/assembly.json,RIGHT_R_GATE,missing
SYS__RIGHT_C_GATE,,schematics/power/servo_power_pololu_discharge_candidate_v1/assembly.json,RIGHT_C_GATE,missing
SYS__LEFT_R_ILM,,schematics/power/servo_power_pololu_discharge_candidate_v1/assembly.json,LEFT_R_ILM,missing
SYS__RIGHT_R_ILM,,schematics/power/servo_power_pololu_discharge_candidate_v1/assembly.json,RIGHT_R_ILM,missing
SYS__LEFT_R_OV_TOP,,schematics/power/servo_power_pololu_discharge_candidate_v1/assembly.json,LEFT_R_OV_TOP,missing
SYS__LEFT_R_OV_BOTTOM,,schematics/power/servo_power_pololu_discharge_candidate_v1/assembly.json,LEFT_R_OV_BOTTOM,missing
SYS__RIGHT_R_OV_TOP,,schematics/power/servo_power_pololu_discharge_candidate_v1/assembly.json,RIGHT_R_OV_TOP,missing
SYS__RIGHT_R_OV_BOTTOM,,schematics/power/servo_power_pololu_discharge_candidate_v1/assembly.json,RIGHT_R_OV_BOTTOM,missing
SYS__U_STOP_LDO,TPS70933DBVR,schematics/power/servo_power_pololu_discharge_candidate_v1/assembly.json,U_STOP_LDO,candidate_not_procurement_qualified
SYS__C_STOP_IN,MKS2C042201K00JSSD,schematics/power/servo_power_pololu_discharge_candidate_v1/assembly.json,C_STOP_IN,candidate_not_procurement_qualified
SYS__C_STOP_OUT,GRM31CR71H475KA12L,schematics/power/servo_power_pololu_discharge_candidate_v1/assembly.json,C_STOP_OUT,candidate_not_procurement_qualified
SYS__R_STOP_MIN_LOAD,TNPW060330K1BYEA,schematics/power/servo_power_pololu_discharge_candidate_v1/assembly.json,R_STOP_MIN_LOAD,candidate_not_procurement_qualified
SYS__LEFT_R_EN_PULLDOWN,TNPW060378K7BYEA,schematics/power/servo_power_pololu_discharge_candidate_v1/assembly.json,LEFT_R_EN_PULLDOWN,candidate_not_procurement_qualified
SYS__RIGHT_R_EN_PULLDOWN,TNPW060378K7BYEA,schematics/power/servo_power_pololu_discharge_candidate_v1/assembly.json,RIGHT_R_EN_PULLDOWN,candidate_not_procurement_qualified
SYS__LEFT_U_WINDOW,TPS3700DDCR,schematics/power/servo_power_pololu_discharge_candidate_v1/assembly.json,LEFT_U_WINDOW,candidate_not_procurement_qualified
SYS__LEFT_R_SOURCE_UV_TOP,TNPW0603102KBYEA,schematics/power/servo_power_pololu_discharge_candidate_v1/assembly.json,LEFT_R_SOURCE_UV_TOP,candidate_not_procurement_qualified
SYS__LEFT_R_SOURCE_UV_BOTTOM,TNPW060310K0BYEA,schematics/power/servo_power_pololu_discharge_candidate_v1/assembly.json,LEFT_R_SOURCE_UV_BOTTOM,candidate_not_procurement_qualified
SYS__LEFT_R_SOURCE_OV_TOP,TNPW0603130KBYEA,schematics/power/servo_power_pololu_discharge_candidate_v1/assembly.json,LEFT_R_SOURCE_OV_TOP,candidate_not_procurement_qualified
SYS__LEFT_R_SOURCE_OV_BOTTOM,TNPW060310K0BYEA,schematics/power/servo_power_pololu_discharge_candidate_v1/assembly.json,LEFT_R_SOURCE_OV_BOTTOM,candidate_not_procurement_qualified
SYS__LEFT_R_WINDOW_PULLUP,TNPW060310K0BYEA,schematics/power/servo_power_pololu_discharge_candidate_v1/assembly.json,LEFT_R_WINDOW_PULLUP,candidate_not_procurement_qualified
SYS__LEFT_C_WINDOW,GRM31C5C1H104JA01L,schematics/power/servo_power_pololu_discharge_candidate_v1/assembly.json,LEFT_C_WINDOW,candidate_not_procurement_qualified
SYS__RIGHT_U_WINDOW,TPS3700DDCR,schematics/power/servo_power_pololu_discharge_candidate_v1/assembly.json,RIGHT_U_WINDOW,candidate_not_procurement_qualified
SYS__RIGHT_R_SOURCE_UV_TOP,TNPW0603102KBYEA,schematics/power/servo_power_pololu_discharge_candidate_v1/assembly.json,RIGHT_R_SOURCE_UV_TOP,candidate_not_procurement_qualified
SYS__RIGHT_R_SOURCE_UV_BOTTOM,TNPW060310K0BYEA,schematics/power/servo_power_pololu_discharge_candidate_v1/assembly.json,RIGHT_R_SOURCE_UV_BOTTOM,candidate_not_procurement_qualified
SYS__RIGHT_R_SOURCE_OV_TOP,TNPW0603130KBYEA,schematics/power/servo_power_pololu_discharge_candidate_v1/assembly.json,RIGHT_R_SOURCE_OV_TOP,candidate_not_procurement_qualified
SYS__RIGHT_R_SOURCE_OV_BOTTOM,TNPW060310K0BYEA,schematics/power/servo_power_pololu_discharge_candidate_v1/assembly.json,RIGHT_R_SOURCE_OV_BOTTOM,candidate_not_procurement_qualified
SYS__RIGHT_R_WINDOW_PULLUP,TNPW060310K0BYEA,schematics/power/servo_power_pololu_discharge_candidate_v1/assembly.json,RIGHT_R_WINDOW_PULLUP,candidate_not_procurement_qualified
SYS__RIGHT_C_WINDOW,GRM31C5C1H104JA01L,schematics/power/servo_power_pololu_discharge_candidate_v1/assembly.json,RIGHT_C_WINDOW,candidate_not_procurement_qualified
SYS__U_MONITOR_START,TPS3808G33DBVR,schematics/power/servo_power_pololu_discharge_candidate_v1/assembly.json,U_MONITOR_START,candidate_not_procurement_qualified
SYS__R_MONITOR_START,TNPW0603100KBYEA,schematics/power/servo_power_pololu_discharge_candidate_v1/assembly.json,R_MONITOR_START,candidate_not_procurement_qualified
SYS__C_MONITOR_START,GRM31C5C1H104JA01L,schematics/power/servo_power_pololu_discharge_candidate_v1/assembly.json,C_MONITOR_START,candidate_not_procurement_qualified
SYS__U_MONITOR_RX,SN74AUP1T50DCKR,schematics/power/servo_power_pololu_discharge_candidate_v1/assembly.json,U_MONITOR_RX,candidate_not_procurement_qualified
SYS__R_MONITOR_RX_OFF,TNPW0603220KBYEA,schematics/power/servo_power_pololu_discharge_candidate_v1/assembly.json,R_MONITOR_RX_OFF,candidate_not_procurement_qualified
SYS__C_MONITOR_RX,GRM31C5C1H104JA01L,schematics/power/servo_power_pololu_discharge_candidate_v1/assembly.json,C_MONITOR_RX,candidate_not_procurement_qualified
SYS__R_SEQUENCE_OFF,TNPW060310K0BYEA,schematics/power/servo_power_pololu_discharge_candidate_v1/assembly.json,R_SEQUENCE_OFF,candidate_not_procurement_qualified
SYS__D_STOP_REVERSE,BAS116,schematics/power/servo_power_pololu_discharge_candidate_v1/assembly.json,D_STOP_REVERSE,ordering_suffix_pending
SYS__R_STOP_INPUT_BLEED,TNPW0603100KBYEA,schematics/power/servo_power_pololu_discharge_candidate_v1/assembly.json,R_STOP_INPUT_BLEED,candidate_not_procurement_qualified
SYS__C_STOP_IN_HF,GRM31C5C1H104JA01L,schematics/power/servo_power_pololu_discharge_candidate_v1/assembly.json,C_STOP_IN_HF,candidate_not_procurement_qualified
SYS__U_LOGIC_PROTECT,TPS26601RHFR,schematics/power/servo_power_pololu_discharge_candidate_v1/assembly.json,U_LOGIC_PROTECT,candidate_not_procurement_qualified
SYS__R_LOGIC_UV_TOP,TNPW060340K2BEEA,schematics/power/servo_power_pololu_discharge_candidate_v1/assembly.json,R_LOGIC_UV_TOP,candidate_not_procurement_qualified
SYS__R_LOGIC_UV_BOTTOM,TNPW060310K0BEEA,schematics/power/servo_power_pololu_discharge_candidate_v1/assembly.json,R_LOGIC_UV_BOTTOM,candidate_not_procurement_qualified
SYS__R_LOGIC_OV_TOP,TNPW0603124KBEEA,schematics/power/servo_power_pololu_discharge_candidate_v1/assembly.json,R_LOGIC_OV_TOP,candidate_not_procurement_qualified
SYS__R_LOGIC_OV_BOTTOM,TNPW060310K0BEEA,schematics/power/servo_power_pololu_discharge_candidate_v1/assembly.json,R_LOGIC_OV_BOTTOM,candidate_not_procurement_qualified
SYS__R_LOGIC_ILIM,TNPW0603118KBEEA,schematics/power/servo_power_pololu_discharge_candidate_v1/assembly.json,R_LOGIC_ILIM,candidate_not_procurement_qualified
SYS__R_LOGIC_INPUT_BLEED,TNPW0603100KBEEA,schematics/power/servo_power_pololu_discharge_candidate_v1/assembly.json,R_LOGIC_INPUT_BLEED,candidate_not_procurement_qualified
SYS__C_LOGIC_PROTECT_IN_1,GRM31C5C1H104JA01L,schematics/power/servo_power_pololu_discharge_candidate_v1/assembly.json,C_LOGIC_PROTECT_IN_1,candidate_not_procurement_qualified
SYS__C_LOGIC_PROTECT_IN_2,GRM31C5C1H104JA01L,schematics/power/servo_power_pololu_discharge_candidate_v1/assembly.json,C_LOGIC_PROTECT_IN_2,candidate_not_procurement_qualified
SYS__C_LOGIC_PROTECT_OUT_1,GRM31C5C1H104JA01L,schematics/power/servo_power_pololu_discharge_candidate_v1/assembly.json,C_LOGIC_PROTECT_OUT_1,candidate_not_procurement_qualified
SYS__C_LOGIC_PROTECT_OUT_2,GRM31C5C1H104JA01L,schematics/power/servo_power_pololu_discharge_candidate_v1/assembly.json,C_LOGIC_PROTECT_OUT_2,candidate_not_procurement_qualified
SYS__U_LOGIC_LDO,TPS70933DRVR,schematics/power/servo_power_pololu_discharge_candidate_v1/assembly.json,U_LOGIC_LDO,candidate_not_procurement_qualified
SYS__C_LOGIC_LDO_OUT,T520A226M010ATE080,schematics/power/servo_power_pololu_discharge_candidate_v1/assembly.json,C_LOGIC_LDO_OUT,candidate_not_procurement_qualified
SYS__LEFT_U_REGULATOR,D42V110F5,schematics/power/servo_power_pololu_discharge_candidate_v1/assembly.json,LEFT_U_REGULATOR,candidate_not_procurement_qualified
SYS__RIGHT_U_REGULATOR,D42V110F5,schematics/power/servo_power_pololu_discharge_candidate_v1/assembly.json,RIGHT_U_REGULATOR,candidate_not_procurement_qualified
SYS__LEFT_R_DISCHARGE_1,CRCW1206360RFKEA,schematics/power/servo_power_pololu_discharge_candidate_v1/assembly.json,LEFT_R_DISCHARGE_1,candidate_not_procurement_qualified
SYS__LEFT_R_DISCHARGE_2,CRCW1206360RFKEA,schematics/power/servo_power_pololu_discharge_candidate_v1/assembly.json,LEFT_R_DISCHARGE_2,candidate_not_procurement_qualified
SYS__RIGHT_R_DISCHARGE_1,CRCW1206360RFKEA,schematics/power/servo_power_pololu_discharge_candidate_v1/assembly.json,RIGHT_R_DISCHARGE_1,candidate_not_procurement_qualified
SYS__RIGHT_R_DISCHARGE_2,CRCW1206360RFKEA,schematics/power/servo_power_pololu_discharge_candidate_v1/assembly.json,RIGHT_R_DISCHARGE_2,candidate_not_procurement_qualified
SYS__LEFT_R_REG_EN_PD,TNPW06032K21BEEA,schematics/power/servo_power_pololu_discharge_candidate_v1/assembly.json,LEFT_R_REG_EN_PD,candidate_not_procurement_qualified
SYS__LEFT_R_REG_EN_SER,TNPW0603100RBEEA,schematics/power/servo_power_pololu_discharge_candidate_v1/assembly.json,LEFT_R_REG_EN_SER,candidate_not_procurement_qualified
SYS__RIGHT_R_REG_EN_PD,TNPW06032K21BEEA,schematics/power/servo_power_pololu_discharge_candidate_v1/assembly.json,RIGHT_R_REG_EN_PD,candidate_not_procurement_qualified
SYS__RIGHT_R_REG_EN_SER,TNPW0603100RBEEA,schematics/power/servo_power_pololu_discharge_candidate_v1/assembly.json,RIGHT_R_REG_EN_SER,candidate_not_procurement_qualified
SYS__R_LOGIC_SHDN_PD,TNPW060310K0BEEA,schematics/power/logic_predischarge_inhibit_candidate.json,PD,candidate_not_procurement_qualified
SYS__R_LOGIC_SHDN_SER,TNPW06031K00BEEA,schematics/power/logic_predischarge_inhibit_candidate.json,SER,candidate_not_procurement_qualified
SYS__U_AUX_START_ISO,ISO7710FDR,schematics/power/aux_start_isolator_candidate.json,SYS__U_AUX_START_ISO,candidate_not_procurement_qualified
SYS__C_AUX_ISO_PRIMARY,GRM31C5C1H104JA01L,schematics/power/aux_start_isolator_candidate.json,SYS__C_AUX_ISO_PRIMARY,candidate_not_procurement_qualified
SYS__C_AUX_ISO_SECONDARY,GRM31C5C1H104JA01L,schematics/power/aux_start_isolator_candidate.json,SYS__C_AUX_ISO_SECONDARY,candidate_not_procurement_qualified
SYS__R_STOP_INPUT_0,TNPW12061K50BEEA,schematics/power/stop_feed_candidate.json,parallel_0,candidate_not_procurement_qualified
SYS__R_STOP_INPUT_1,TNPW12061K50BEEA,schematics/power/stop_feed_candidate.json,parallel_1,candidate_not_procurement_qualified
TAB5__U_PROTECT,TPS26601RHFR,schematics/power/tab5_input_branch_candidate.json,TAB5__U_PROTECT,candidate_not_procurement_qualified
TAB5__R_UV_TOP,TNPW060360K4BEEA,schematics/power/tab5_input_branch_candidate.json,TAB5__R_UV_TOP,candidate_not_procurement_qualified
TAB5__R_UV_BOTTOM,TNPW060310K0BEEA,schematics/power/tab5_input_branch_candidate.json,TAB5__R_UV_BOTTOM,candidate_not_procurement_qualified
TAB5__R_OV_TOP,TNPW0603124KBEEA,schematics/power/tab5_input_branch_candidate.json,TAB5__R_OV_TOP,candidate_not_procurement_qualified
TAB5__R_OV_BOTTOM,TNPW060310K0BEEA,schematics/power/tab5_input_branch_candidate.json,TAB5__R_OV_BOTTOM,candidate_not_procurement_qualified
TAB5__R_ILIM,,schematics/power/tab5_input_branch_candidate.json,TAB5__R_ILIM,missing
TAB5__C_PROTECT_IN_1,GRM31C5C1H104JA01L,schematics/power/tab5_input_branch_candidate.json,TAB5__C_PROTECT_IN_1,candidate_not_procurement_qualified
TAB5__C_PROTECT_IN_2,GRM31C5C1H104JA01L,schematics/power/tab5_input_branch_candidate.json,TAB5__C_PROTECT_IN_2,candidate_not_procurement_qualified
TAB5__C_PROTECT_OUT_1,GRM31C5C1H104JA01L,schematics/power/tab5_input_branch_candidate.json,TAB5__C_PROTECT_OUT_1,candidate_not_procurement_qualified
TAB5__C_PROTECT_OUT_2,GRM31C5C1H104JA01L,schematics/power/tab5_input_branch_candidate.json,TAB5__C_PROTECT_OUT_2,candidate_not_procurement_qualified
TAB5__R_SHDN_PD,TNPW060310K0BEEA,schematics/power/tab5_input_branch_candidate.json,TAB5__R_SHDN_PD,candidate_not_procurement_qualified
TAB5__R_SHDN_SER,TNPW06031K00BEEA,schematics/power/tab5_input_branch_candidate.json,TAB5__R_SHDN_SER,candidate_not_procurement_qualified
TAB5__C_DVDT,,schematics/power/tab5_input_branch_candidate.json,TAB5__C_DVDT,missing
INLET__J_PACK,XT30U-M,schematics/power/battery_inlet_candidate.json,INLET__J_PACK,candidate_not_procurement_qualified
INLET__F_MAIN,0297010.L,schematics/power/battery_inlet_candidate.json,INLET__F_MAIN,candidate_not_procurement_qualified
INLET__FH_MAIN,01530002H,schematics/power/battery_inlet_candidate.json,INLET__FH_MAIN,candidate_not_procurement_qualified
INLET__U_REVERSE,LM74700QDBVRQ1,schematics/power/battery_inlet_candidate.json,INLET__U_REVERSE,candidate_not_procurement_qualified
INLET__Q_REVERSE,CSD18540Q5BT,schematics/power/battery_inlet_candidate.json,INLET__Q_REVERSE,candidate_not_procurement_qualified
INLET__C_IN,GRM31C5C1H104JA01L,schematics/power/battery_inlet_candidate.json,INLET__C_IN,candidate_not_procurement_qualified
INLET__C_OUT_0,GRM31C5C1H104JA01L,schematics/power/battery_inlet_candidate.json,INLET__C_OUT_0,candidate_not_procurement_qualified
INLET__C_OUT_1,GRM31C5C1H104JA01L,schematics/power/battery_inlet_candidate.json,INLET__C_OUT_1,candidate_not_procurement_qualified
INLET__C_VCAP_0,GRM31C5C1H104JA01L,schematics/power/battery_inlet_candidate.json,INLET__C_VCAP_0,candidate_not_procurement_qualified
INLET__C_VCAP_1,GRM31C5C1H104JA01L,schematics/power/battery_inlet_candidate.json,INLET__C_VCAP_1,candidate_not_procurement_qualified
