reference,pin,net
BAT__U_CELL_PROTECT,16,CELL0_FILTERED
BAT__U_CELL_PROTECT,15,CELL1_FILTERED
BAT__U_CELL_PROTECT,14,CELL2_FILTERED
BAT__U_CELL_PROTECT,13,CELL2_FILTERED
BAT__U_CELL_PROTECT,12,CELL2_FILTERED
BAT__U_CELL_PROTECT,10,CELL2_FILTERED
BAT__U_CELL_PROTECT,8,CELL2_FILTERED
BAT__U_CELL_PROTECT,6,CELL2_FILTERED
BAT__U_CELL_PROTECT,4,CELL2_FILTERED
BAT__U_CELL_PROTECT,2,CELL2_FILTERED
BAT__U_CELL_PROTECT,48,CELL3_FILTERED
BAT__U_CELL_PROTECT,17,CELL_B_MINUS
BAT__U_CELL_PROTECT,43,BQ76942_DSG_43
BAT__U_CELL_PROTECT,45,BQ76942_CHG_45
BAT__U_CELL_PROTECT,41,BQ_LD
BAT__U_CELL_PROTECT,42,BQ_PACK
BAT__U_CELL_PROTECT,47,BQ_BAT_HOLD
BAT__U_CELL_PROTECT,24,BQ_REG18
BAT__U_CELL_PROTECT,46,BQ_CP1
BAT__U_CELL_PROTECT,18,BQ_SRP
BAT__U_CELL_PROTECT,20,BQ_SRN
BAT__U_CELL_PROTECT,21,BQ_TS_CELL
BAT__U_CELL_PROTECT,23,BQ_TS_FET
BAT__U_CELL_PROTECT,30,BQ_BOTHOFF_N
BAT__U_CELL_PROTECT,29,CELL_B_MINUS
BAT__U_CELL_PROTECT,33,CELL_B_MINUS
BAT__U_CELL_PROTECT,25,BQ_ALERT_N
BAT__U_CELL_PROTECT,26,BQ_SCL
BAT__U_CELL_PROTECT,27,BQ_SDA
BAT__U_CELL_PROTECT,1,
BAT__U_CELL_PROTECT,3,
BAT__U_CELL_PROTECT,5,
BAT__U_CELL_PROTECT,7,
BAT__U_CELL_PROTECT,9,
BAT__U_CELL_PROTECT,11,
BAT__U_CELL_PROTECT,19,
BAT__U_CELL_PROTECT,44,
BAT__U_CELL_PROTECT,28,
BAT__U_CELL_PROTECT,31,
BAT__U_CELL_PROTECT,32,
BAT__U_CELL_PROTECT,34,
BAT__U_CELL_PROTECT,38,
BAT__U_CELL_PROTECT,35,BQ_CTRL3V3
BAT__U_CELL_PROTECT,36,BQ_REGIN
BAT__U_CELL_PROTECT,37,BQ_BREG
BAT__Q_CHG,1,CELL_POS_FUSED
BAT__Q_CHG,2,CELL_POS_FUSED
BAT__Q_CHG,3,CELL_POS_FUSED
BAT__Q_CHG,4,CHG_GATE
BAT__Q_CHG,5,PACK_FET_MID
BAT__Q_CHG,6,PACK_FET_MID
BAT__Q_CHG,7,PACK_FET_MID
BAT__Q_CHG,8,PACK_FET_MID
BAT__Q_CHG,exposed_drain_pad,PACK_FET_MID
BAT__Q_DSG,1,PACK_POS_PROTECTED
BAT__Q_DSG,2,PACK_POS_PROTECTED
BAT__Q_DSG,3,PACK_POS_PROTECTED
BAT__Q_DSG,4,DSG_GATE
BAT__Q_DSG,5,PACK_FET_MID
BAT__Q_DSG,6,PACK_FET_MID
BAT__Q_DSG,7,PACK_FET_MID
BAT__Q_DSG,8,PACK_FET_MID
BAT__Q_DSG,exposed_drain_pad,PACK_FET_MID
BAT__R_GATE_CHG,1,BQ76942_CHG_45
BAT__R_GATE_CHG,2,CHG_GATE
BAT__R_GS_CHG,1,CHG_GATE
BAT__R_GS_CHG,2,CELL_POS_FUSED
BAT__D_GS_CHG,1,CHG_GATE
BAT__D_GS_CHG,2,CELL_POS_FUSED
BAT__R_GATE_DSG,1,BQ76942_DSG_43
BAT__R_GATE_DSG,2,DSG_GATE
BAT__R_GS_DSG,1,DSG_GATE
BAT__R_GS_DSG,2,PACK_POS_PROTECTED
BAT__D_GS_DSG,1,DSG_GATE
BAT__D_GS_DSG,2,PACK_POS_PROTECTED
BAT__R_CELL_0,1,CELL_B_MINUS
BAT__R_CELL_0,2,CELL0_FILTERED
BAT__R_CELL_1,1,CELL1_TAP
BAT__R_CELL_1,2,CELL1_FILTERED
BAT__R_CELL_2,1,CELL2_TAP
BAT__R_CELL_2,2,CELL2_FILTERED
BAT__R_CELL_3,1,CELL3_TAP
BAT__R_CELL_3,2,CELL3_FILTERED
BAT__C_F0_0,1,CELL0_FILTERED
BAT__C_F0_0,2,FILTER_0_MID
BAT__C_F0_1,1,CELL0_FILTERED
BAT__C_F0_1,2,FILTER_0_MID
BAT__C_F0_2,1,CELL0_FILTERED
BAT__C_F0_2,2,FILTER_0_MID
BAT__C_F0_3,1,FILTER_0_MID
BAT__C_F0_3,2,CELL_B_MINUS
BAT__C_F0_4,1,FILTER_0_MID
BAT__C_F0_4,2,CELL_B_MINUS
BAT__C_F0_5,1,FILTER_0_MID
BAT__C_F0_5,2,CELL_B_MINUS
BAT__C_F1_0,1,CELL1_FILTERED
BAT__C_F1_0,2,FILTER_1_MID
BAT__C_F1_1,1,CELL1_FILTERED
BAT__C_F1_1,2,FILTER_1_MID
BAT__C_F1_2,1,CELL1_FILTERED
BAT__C_F1_2,2,FILTER_1_MID
BAT__C_F1_3,1,FILTER_1_MID
BAT__C_F1_3,2,CELL0_FILTERED
BAT__C_F1_4,1,FILTER_1_MID
BAT__C_F1_4,2,CELL0_FILTERED
BAT__C_F1_5,1,FILTER_1_MID
BAT__C_F1_5,2,CELL0_FILTERED
BAT__C_F2_0,1,CELL2_FILTERED
BAT__C_F2_0,2,FILTER_2_MID
BAT__C_F2_1,1,CELL2_FILTERED
BAT__C_F2_1,2,FILTER_2_MID
BAT__C_F2_2,1,CELL2_FILTERED
BAT__C_F2_2,2,FILTER_2_MID
BAT__C_F2_3,1,FILTER_2_MID
BAT__C_F2_3,2,CELL1_FILTERED
BAT__C_F2_4,1,FILTER_2_MID
BAT__C_F2_4,2,CELL1_FILTERED
BAT__C_F2_5,1,FILTER_2_MID
BAT__C_F2_5,2,CELL1_FILTERED
BAT__C_F3_0,1,CELL3_FILTERED
BAT__C_F3_0,2,FILTER_3_MID
BAT__C_F3_1,1,CELL3_FILTERED
BAT__C_F3_1,2,FILTER_3_MID
BAT__C_F3_2,1,CELL3_FILTERED
BAT__C_F3_2,2,FILTER_3_MID
BAT__C_F3_3,1,FILTER_3_MID
BAT__C_F3_3,2,CELL2_FILTERED
BAT__C_F3_4,1,FILTER_3_MID
BAT__C_F3_4,2,CELL2_FILTERED
BAT__C_F3_5,1,FILTER_3_MID
BAT__C_F3_5,2,CELL2_FILTERED
BAT__R_LD,1,PACK_POS_PROTECTED
BAT__R_LD,2,BQ_LD
BAT__R_PACK,1,PACK_POS_PROTECTED
BAT__R_PACK,2,BQ_PACK
BAT__R_BAT,1,CELL_POS_FUSED
BAT__R_BAT,2,BQ_BAT_DIODE_A
BAT__D_BAT,1,BQ_BAT_DIODE_A
BAT__D_BAT,2,
BAT__D_BAT,3,BQ_BAT_HOLD
BAT__C_BAT,1,BQ_BAT_HOLD
BAT__C_BAT,2,CELL_B_MINUS
BAT__C_REG18_0,1,BQ_REG18
BAT__C_REG18_0,2,CELL_B_MINUS
BAT__C_REG18_1,1,BQ_REG18
BAT__C_REG18_1,2,CELL_B_MINUS
BAT__C_REG18_2,1,BQ_REG18
BAT__C_REG18_2,2,CELL_B_MINUS
BAT__C_CP1,1,BQ_CP1
BAT__C_CP1,2,BQ_BAT_HOLD
BAT__R_SHUNT,I1,CELL_B_MINUS
BAT__R_SHUNT,I2,PACK_RETURN
BAT__R_SHUNT,E1,SHUNT_CELL_SENSE
BAT__R_SHUNT,E2,SHUNT_PACK_SENSE
BAT__R_SRP,1,SHUNT_CELL_SENSE
BAT__R_SRP,2,BQ_SRP
BAT__R_SRN,1,SHUNT_PACK_SENSE
BAT__R_SRN,2,BQ_SRN
BAT__C_CURRENT,1,BQ_SRP
BAT__C_CURRENT,2,BQ_SRN
BAT__TH_CELL,1,BQ_TS_CELL
BAT__TH_CELL,2,CELL_B_MINUS
BAT__TH_FET,1,BQ_TS_FET
BAT__TH_FET,2,CELL_B_MINUS
BAT__R_ALLOW_SER,1,BQ_ALLOW_BMINUS
BAT__R_ALLOW_SER,2,BQ_BOTHOFF_N
BAT__R_ALLOW_PD,1,BQ_BOTHOFF_N
BAT__R_ALLOW_PD,2,CELL_B_MINUS
BAT__U_REG0_LIMIT,1,
BAT__U_REG0_LIMIT,2,
BAT__U_REG0_LIMIT,3,
BAT__U_REG0_LIMIT,4,
BAT__U_REG0_LIMIT,5,
BAT__U_REG0_LIMIT,6,
BAT__U_REG0_LIMIT,7,
BAT__U_REG0_LIMIT,8,CELL_POS_FUSED
BAT__U_REG0_LIMIT,9,CELL_POS_FUSED
BAT__U_REG0_LIMIT,10,REG0_UVLO
BAT__U_REG0_LIMIT,11,
BAT__U_REG0_LIMIT,12,REG0_OVP
BAT__U_REG0_LIMIT,13,REG0_MODE
BAT__U_REG0_LIMIT,14,
BAT__U_REG0_LIMIT,15,REG0_PROTECT_RTN
BAT__U_REG0_LIMIT,16,
BAT__U_REG0_LIMIT,17,CELL_B_MINUS
BAT__U_REG0_LIMIT,18,
BAT__U_REG0_LIMIT,19,REG0_ILIM
BAT__U_REG0_LIMIT,20,
BAT__U_REG0_LIMIT,21,
BAT__U_REG0_LIMIT,22,
BAT__U_REG0_LIMIT,23,BQ_REG0_LIMITED
BAT__U_REG0_LIMIT,24,BQ_REG0_LIMITED
BAT__U_REG0_LIMIT,EP,REG0_PROTECT_RTN
BAT__R_REG0_UV_TOP,1,CELL_POS_FUSED
BAT__R_REG0_UV_TOP,2,REG0_UVLO
BAT__R_REG0_UV_BOTTOM,1,REG0_UVLO
BAT__R_REG0_UV_BOTTOM,2,REG0_PROTECT_RTN
BAT__R_REG0_OV_TOP,1,CELL_POS_FUSED
BAT__R_REG0_OV_TOP,2,REG0_OVP
BAT__R_REG0_OV_BOTTOM,1,REG0_OVP
BAT__R_REG0_OV_BOTTOM,2,REG0_PROTECT_RTN
BAT__R_REG0_ILIM,1,REG0_ILIM
BAT__R_REG0_ILIM,2,REG0_PROTECT_RTN
BAT__C_REG0_PROTECT_IN_1,1,CELL_POS_FUSED
BAT__C_REG0_PROTECT_IN_1,2,CELL_B_MINUS
BAT__C_REG0_PROTECT_IN_2,1,CELL_POS_FUSED
BAT__C_REG0_PROTECT_IN_2,2,CELL_B_MINUS
BAT__C_REG0_PROTECT_OUT_1,1,BQ_REG0_LIMITED
BAT__C_REG0_PROTECT_OUT_1,2,CELL_B_MINUS
BAT__C_REG0_PROTECT_OUT_2,1,BQ_REG0_LIMITED
BAT__C_REG0_PROTECT_OUT_2,2,CELL_B_MINUS
BAT__R_REG0_MODE,1,REG0_MODE
BAT__R_REG0_MODE,2,REG0_PROTECT_RTN
BAT__D_REG0,A,BQ_REG0_LIMITED
BAT__D_REG0,K,BQ_REG0_PRE_R
BAT__R_REG0_0,1,BQ_REG0_PRE_R
BAT__R_REG0_0,2,BQ_REG0_COLLECTOR
BAT__R_REG0_1,1,BQ_REG0_PRE_R
BAT__R_REG0_1,2,BQ_REG0_COLLECTOR
BAT__C_REG0,1,BQ_REG0_COLLECTOR
BAT__C_REG0,2,CELL_B_MINUS
BAT__Q_REG0,B,BQ_BREG
BAT__Q_REG0,C,BQ_REG0_COLLECTOR
BAT__Q_REG0,E,BQ_REGIN
BAT__C_REGIN,1,BQ_REGIN
BAT__C_REGIN,2,CELL_B_MINUS
BAT__C_REG1,1,BQ_CTRL3V3
BAT__C_REG1,2,CELL_B_MINUS
BAT__R_BQ_SCL,1,BQ_CTRL3V3
BAT__R_BQ_SCL,2,BQ_SCL
BAT__R_BQ_SDA,1,BQ_CTRL3V3
BAT__R_BQ_SDA,2,BQ_SDA
BAT__R_BQ_ALERT,1,BQ_CTRL3V3
BAT__R_BQ_ALERT,2,BQ_ALERT_N
SYS__U1,1,PACK_RETURN
SYS__U1,2,SYS__BUTTON_RAW
SYS__U1,3,SYS__BUTTON_RELEASED
SYS__U1,4,SYS__LOGIC3V3
SYS__U2,1,
SYS__U2,2,SYS__BUTTON_RELEASED
SYS__U2,3,PACK_RETURN
SYS__U2,4,SYS__PRESS
SYS__U2,5,SYS__LOGIC3V3
SYS__U3,1,SYS__RESET_N
SYS__U3,2,SYS__RAW_RELEASED_CONDITIONED
SYS__U3,3,SYS__ENABLE_PERMISSION
SYS__U3,4,SYS__SEQUENCE_ENABLE_REQUEST
SYS__U3,5,SYS__RESET_N
SYS__U3,6,SYS__POWER_ENABLE_COMMAND
SYS__U3,7,PACK_RETURN
SYS__U3,8,
SYS__U3,9,PACK_RETURN
SYS__U3,10,PACK_RETURN
SYS__U3,11,PACK_RETURN
SYS__U3,12,SYS__RELEASE_CONDITION
SYS__U3,13,SYS__BUTTON_RELEASED
SYS__U3,14,SYS__LOGIC3V3
SYS__U4,1,
SYS__U4,2,SYS__RELEASE_CONDITION
SYS__U4,3,PACK_RETURN
SYS__U4,4,SYS__RELEASE_MR
SYS__U4,5,SYS__LOGIC3V3
SYS__U5,1,SYS__RELEASE_QUALIFIED
SYS__U5,2,PACK_RETURN
SYS__U5,3,SYS__RELEASE_MR
SYS__U5,4,SYS__TIMER_CT
SYS__U5,5,SYS__LOGIC3V3
SYS__U5,6,SYS__LOGIC3V3
SYS__U6,1,SYS__RESET_N
SYS__U6,2,SYS__LOGIC3V3
SYS__U6,3,SYS__RELEASE_QUALIFIED
SYS__U6,4,SYS__LOGIC3V3
SYS__U6,5,SYS__ARMED
SYS__U6,6,
SYS__U6,7,PACK_RETURN
SYS__U6,8,
SYS__U6,9,SYS__ENABLE_PERMISSION
SYS__U6,10,SYS__LOGIC3V3
SYS__U6,11,SYS__PRESS
SYS__U6,12,SYS__ARMED
SYS__U6,13,SYS__RESET_N
SYS__U6,14,SYS__LOGIC3V3
SYS__R1,1,SYS__LOGIC3V3
SYS__R1,2,SYS__TIMER_CT
SYS__R2,1,SYS__LOGIC3V3
SYS__R2,2,SYS__RELEASE_QUALIFIED
SYS__C1,1,SYS__LOGIC3V3
SYS__C1,2,PACK_RETURN
SYS__C2,1,SYS__LOGIC3V3
SYS__C2,2,PACK_RETURN
SYS__C3,1,SYS__LOGIC3V3
SYS__C3,2,PACK_RETURN
SYS__C4,1,SYS__LOGIC3V3
SYS__C4,2,PACK_RETURN
SYS__C5,1,SYS__LOGIC3V3
SYS__C5,2,PACK_RETURN
SYS__C6,1,SYS__LOGIC3V3
SYS__C6,2,PACK_RETURN
SYS__SW1,1,SYS__BUTTON_RAW
SYS__SW1,2,PACK_RETURN
SYS__U7,1,SYS__RESET_N
SYS__U7,2,PACK_RETURN
SYS__U7,3,SYS__RAIL_HEALTH_N
SYS__U7,4,SYS__SUPERVISOR_CT
SYS__U7,5,SYS__LOGIC3V3
SYS__U7,6,SYS__LOGIC3V3
SYS__R3,1,SYS__LOGIC3V3
SYS__R3,2,SYS__SUPERVISOR_CT
SYS__R4,1,SYS__LOGIC3V3
SYS__R4,2,SYS__RESET_N
SYS__C7,1,SYS__LOGIC3V3
SYS__C7,2,PACK_RETURN
SYS__U8,1,
SYS__U8,2,SYS__POWER_ENABLE_COMMAND
SYS__U8,3,PACK_RETURN
SYS__U8,4,SYS__ENABLE_BUFFER_OUT
SYS__U8,5,SYS__LOGIC3V3
SYS__R6,1,SYS__POWER_ENABLE_COMMAND
SYS__R6,2,PACK_RETURN
SYS__C8,1,SYS__LOGIC3V3
SYS__C8,2,PACK_RETURN
SYS__R7,1,SYS__ENABLE_BUFFER_OUT
SYS__R7,2,SYS__MAIN_EFUSE_EN
SYS__U9,1,SYS__RAIL_HEALTH_N
SYS__U9,2,PACK_RETURN
SYS__U9,3,SYS__STOP_AUX3V3
SYS__U9,4,SYS__CLAMP_CT
SYS__U9,5,SYS__LOGIC3V3
SYS__U9,6,SYS__STOP_AUX3V3
SYS__R8,1,SYS__STOP_AUX3V3
SYS__R8,2,SYS__CLAMP_CT
SYS__C9,1,SYS__STOP_AUX3V3
SYS__C9,2,PACK_RETURN
SYS__U10,1,SYS__MAIN_EFUSE_EN
SYS__U10,2,PACK_RETURN
SYS__U10,3,SYS__CLAMP_MR_STOP_AUX
SYS__U10,4,
SYS__U10,5,SYS__STOP_AUX3V3
SYS__U10,6,SYS__STOP_AUX3V3
SYS__U11,1,
SYS__U11,2,SYS__RAIL_HEALTH_N
SYS__U11,3,PACK_RETURN
SYS__U11,4,SYS__CLAMP_MR_STOP_AUX
SYS__U11,5,SYS__STOP_AUX3V3
SYS__R9,1,SYS__LOGIC3V3
SYS__R9,2,SYS__RAIL_HEALTH_N
SYS__C10,1,SYS__STOP_AUX3V3
SYS__C10,2,PACK_RETURN
SYS__C11,1,SYS__STOP_AUX3V3
SYS__C11,2,PACK_RETURN
SYS__U14,1,
SYS__U14,2,SYS__SEQUENCE_CLEAR_REQUEST
SYS__U14,3,PACK_RETURN
SYS__U14,4,SYS__RESET_N
SYS__U14,5,SYS__LOGIC3V3
SYS__R14,1,SYS__LOGIC3V3
SYS__R14,2,SYS__SEQUENCE_CLEAR_REQUEST
SYS__C14,1,SYS__LOGIC3V3
SYS__C14,2,PACK_RETURN
SYS__U15,1,
SYS__U15,2,SYS__BUTTON_RAW
SYS__U15,3,PACK_RETURN
SYS__U15,4,SYS__RAW_RELEASED_CONDITIONED
SYS__U15,5,SYS__LOGIC3V3
SYS__R15,1,SYS__LOGIC3V3
SYS__R15,2,SYS__BUTTON_RAW
SYS__C15,1,SYS__LOGIC3V3
SYS__C15,2,PACK_RETURN
SYS__LEFT_U12,1,SYS__LEFT_PG_CONDITIONED_OD
SYS__LEFT_U12,2,PACK_RETURN
SYS__LEFT_U12,3,SYS__LEFT_PG_DIVIDED
SYS__LEFT_U12,4,PACK_RETURN
SYS__LEFT_U12,5,SYS__LOGIC3V3
SYS__LEFT_U12,6,
SYS__LEFT_U13,1,
SYS__LEFT_U13,2,SYS__LEFT_PG_CONDITIONED_OD
SYS__LEFT_U13,3,PACK_RETURN
SYS__LEFT_U13,4,SYS__LEFT_PG_CONDITIONED
SYS__LEFT_U13,5,SYS__LOGIC3V3
SYS__LEFT_R10,1,SYS__LOGIC3V3
SYS__LEFT_R10,2,SYS__LEFT_PG_SOURCE
SYS__LEFT_R11,1,SYS__LEFT_EFUSE_PG
SYS__LEFT_R11,2,SYS__LEFT_PG_DIVIDED
SYS__LEFT_R12,1,SYS__LEFT_PG_DIVIDED
SYS__LEFT_R12,2,PACK_RETURN
SYS__LEFT_R13,1,SYS__LOGIC3V3
SYS__LEFT_R13,2,SYS__LEFT_PG_CONDITIONED_OD
SYS__LEFT_C12,1,SYS__LOGIC3V3
SYS__LEFT_C12,2,PACK_RETURN
SYS__LEFT_C13,1,SYS__LOGIC3V3
SYS__LEFT_C13,2,PACK_RETURN
SYS__RIGHT_U12,1,SYS__RIGHT_PG_CONDITIONED_OD
SYS__RIGHT_U12,2,PACK_RETURN
SYS__RIGHT_U12,3,SYS__RIGHT_PG_DIVIDED
SYS__RIGHT_U12,4,PACK_RETURN
SYS__RIGHT_U12,5,SYS__LOGIC3V3
SYS__RIGHT_U12,6,
SYS__RIGHT_U13,1,
SYS__RIGHT_U13,2,SYS__RIGHT_PG_CONDITIONED_OD
SYS__RIGHT_U13,3,PACK_RETURN
SYS__RIGHT_U13,4,SYS__RIGHT_PG_CONDITIONED
SYS__RIGHT_U13,5,SYS__LOGIC3V3
SYS__RIGHT_R10,1,SYS__LOGIC3V3
SYS__RIGHT_R10,2,SYS__RIGHT_PG_SOURCE
SYS__RIGHT_R11,1,SYS__RIGHT_EFUSE_PG
SYS__RIGHT_R11,2,SYS__RIGHT_PG_DIVIDED
SYS__RIGHT_R12,1,SYS__RIGHT_PG_DIVIDED
SYS__RIGHT_R12,2,PACK_RETURN
SYS__RIGHT_R13,1,SYS__LOGIC3V3
SYS__RIGHT_R13,2,SYS__RIGHT_PG_CONDITIONED_OD
SYS__RIGHT_C12,1,SYS__LOGIC3V3
SYS__RIGHT_C12,2,PACK_RETURN
SYS__RIGHT_C13,1,SYS__LOGIC3V3
SYS__RIGHT_C13,2,PACK_RETURN
SYS__LEFT_U_POWER,1,SYS__LEFT_EN_LOCAL
SYS__LEFT_U_POWER,2,SYS__LEFT_OVLO_SENSE
SYS__LEFT_U_POWER,3,SYS__LEFT_PG_SOURCE
SYS__LEFT_U_POWER,4,SYS__LEFT_FLT_N
SYS__LEFT_U_POWER,5,SYS__LEFT_REGULATOR_OUT
SYS__LEFT_U_POWER,6,SYS__LEFT_INTERNAL_OUT
SYS__LEFT_U_POWER,7,SYS__LEFT_DVDT
SYS__LEFT_U_POWER,8,PACK_RETURN
SYS__LEFT_U_POWER,9,SYS__LEFT_ILM
SYS__LEFT_U_POWER,10,SYS__LEFT_ITIMER
SYS__LEFT_Q_REVERSE,1,SYS__LEFT_INTERNAL_OUT
SYS__LEFT_Q_REVERSE,2,SYS__LEFT_INTERNAL_OUT
SYS__LEFT_Q_REVERSE,3,SYS__LEFT_INTERNAL_OUT
SYS__LEFT_Q_REVERSE,4,SYS__LEFT_REVERSE_GATE
SYS__LEFT_Q_REVERSE,5,SYS__LEFT_SERVO_BUS
SYS__LEFT_Q_REVERSE,6,SYS__LEFT_SERVO_BUS
SYS__LEFT_Q_REVERSE,7,SYS__LEFT_SERVO_BUS
SYS__LEFT_Q_REVERSE,8,SYS__LEFT_SERVO_BUS
SYS__LEFT_R_GATE,1,SYS__LEFT_DVDT
SYS__LEFT_R_GATE,2,SYS__LEFT_REVERSE_GATE
SYS__LEFT_C_GATE,1,SYS__LEFT_REVERSE_GATE
SYS__LEFT_C_GATE,2,PACK_RETURN
SYS__RIGHT_U_POWER,1,SYS__RIGHT_EN_LOCAL
SYS__RIGHT_U_POWER,2,SYS__RIGHT_OVLO_SENSE
SYS__RIGHT_U_POWER,3,SYS__RIGHT_PG_SOURCE
SYS__RIGHT_U_POWER,4,SYS__RIGHT_FLT_N
SYS__RIGHT_U_POWER,5,SYS__RIGHT_REGULATOR_OUT
SYS__RIGHT_U_POWER,6,SYS__RIGHT_INTERNAL_OUT
SYS__RIGHT_U_POWER,7,SYS__RIGHT_DVDT
SYS__RIGHT_U_POWER,8,PACK_RETURN
SYS__RIGHT_U_POWER,9,SYS__RIGHT_ILM
SYS__RIGHT_U_POWER,10,SYS__RIGHT_ITIMER
SYS__RIGHT_Q_REVERSE,1,SYS__RIGHT_INTERNAL_OUT
SYS__RIGHT_Q_REVERSE,2,SYS__RIGHT_INTERNAL_OUT
SYS__RIGHT_Q_REVERSE,3,SYS__RIGHT_INTERNAL_OUT
SYS__RIGHT_Q_REVERSE,4,SYS__RIGHT_REVERSE_GATE
SYS__RIGHT_Q_REVERSE,5,SYS__RIGHT_SERVO_BUS
SYS__RIGHT_Q_REVERSE,6,SYS__RIGHT_SERVO_BUS
SYS__RIGHT_Q_REVERSE,7,SYS__RIGHT_SERVO_BUS
SYS__RIGHT_Q_REVERSE,8,SYS__RIGHT_SERVO_BUS
SYS__RIGHT_R_GATE,1,SYS__RIGHT_DVDT
SYS__RIGHT_R_GATE,2,SYS__RIGHT_REVERSE_GATE
SYS__RIGHT_C_GATE,1,SYS__RIGHT_REVERSE_GATE
SYS__RIGHT_C_GATE,2,PACK_RETURN
SYS__LEFT_R_ILM,1,SYS__LEFT_ILM
SYS__LEFT_R_ILM,2,PACK_RETURN
SYS__RIGHT_R_ILM,1,SYS__RIGHT_ILM
SYS__RIGHT_R_ILM,2,PACK_RETURN
SYS__LEFT_R_OV_TOP,1,SYS__LEFT_REGULATOR_OUT
SYS__LEFT_R_OV_TOP,2,SYS__LEFT_OVLO_SENSE
SYS__LEFT_R_OV_BOTTOM,1,SYS__LEFT_OVLO_SENSE
SYS__LEFT_R_OV_BOTTOM,2,PACK_RETURN
SYS__RIGHT_R_OV_TOP,1,SYS__RIGHT_REGULATOR_OUT
SYS__RIGHT_R_OV_TOP,2,SYS__RIGHT_OVLO_SENSE
SYS__RIGHT_R_OV_BOTTOM,1,SYS__RIGHT_OVLO_SENSE
SYS__RIGHT_R_OV_BOTTOM,2,PACK_RETURN
SYS__U_STOP_LDO,1,SYS__STOP_LDO_INPUT
SYS__U_STOP_LDO,2,PACK_RETURN
SYS__U_STOP_LDO,3,
SYS__U_STOP_LDO,4,
SYS__U_STOP_LDO,5,SYS__STOP_AUX3V3
SYS__C_STOP_IN,1,SYS__STOP_LDO_INPUT
SYS__C_STOP_IN,2,PACK_RETURN
SYS__C_STOP_OUT,1,SYS__STOP_AUX3V3
SYS__C_STOP_OUT,2,PACK_RETURN
SYS__R_STOP_MIN_LOAD,1,SYS__STOP_AUX3V3
SYS__R_STOP_MIN_LOAD,2,PACK_RETURN
SYS__LEFT_R_EN_PULLDOWN,1,SYS__LEFT_EN_LOCAL
SYS__LEFT_R_EN_PULLDOWN,2,PACK_RETURN
SYS__RIGHT_R_EN_PULLDOWN,1,SYS__RIGHT_EN_LOCAL
SYS__RIGHT_R_EN_PULLDOWN,2,PACK_RETURN
SYS__LEFT_U_WINDOW,1,SYS__LEFT_SOURCE_WINDOW_OD
SYS__LEFT_U_WINDOW,2,PACK_RETURN
SYS__LEFT_U_WINDOW,3,SYS__LEFT_SOURCE_UV_SENSE
SYS__LEFT_U_WINDOW,4,SYS__LEFT_SOURCE_OV_SENSE
SYS__LEFT_U_WINDOW,5,SYS__STOP_AUX3V3
SYS__LEFT_U_WINDOW,6,SYS__LEFT_SOURCE_WINDOW_OD
SYS__LEFT_R_SOURCE_UV_TOP,1,SYS__LEFT_REGULATOR_OUT
SYS__LEFT_R_SOURCE_UV_TOP,2,SYS__LEFT_SOURCE_UV_SENSE
SYS__LEFT_R_SOURCE_UV_BOTTOM,1,SYS__LEFT_SOURCE_UV_SENSE
SYS__LEFT_R_SOURCE_UV_BOTTOM,2,PACK_RETURN
SYS__LEFT_R_SOURCE_OV_TOP,1,SYS__LEFT_REGULATOR_OUT
SYS__LEFT_R_SOURCE_OV_TOP,2,SYS__LEFT_SOURCE_OV_SENSE
SYS__LEFT_R_SOURCE_OV_BOTTOM,1,SYS__LEFT_SOURCE_OV_SENSE
SYS__LEFT_R_SOURCE_OV_BOTTOM,2,PACK_RETURN
SYS__LEFT_R_WINDOW_PULLUP,1,SYS__STOP_AUX3V3
SYS__LEFT_R_WINDOW_PULLUP,2,SYS__LEFT_SOURCE_WINDOW_OD
SYS__LEFT_C_WINDOW,1,SYS__STOP_AUX3V3
SYS__LEFT_C_WINDOW,2,PACK_RETURN
SYS__RIGHT_U_WINDOW,1,SYS__RIGHT_SOURCE_WINDOW_OD
SYS__RIGHT_U_WINDOW,2,PACK_RETURN
SYS__RIGHT_U_WINDOW,3,SYS__RIGHT_SOURCE_UV_SENSE
SYS__RIGHT_U_WINDOW,4,SYS__RIGHT_SOURCE_OV_SENSE
SYS__RIGHT_U_WINDOW,5,SYS__STOP_AUX3V3
SYS__RIGHT_U_WINDOW,6,SYS__RIGHT_SOURCE_WINDOW_OD
SYS__RIGHT_R_SOURCE_UV_TOP,1,SYS__RIGHT_REGULATOR_OUT
SYS__RIGHT_R_SOURCE_UV_TOP,2,SYS__RIGHT_SOURCE_UV_SENSE
SYS__RIGHT_R_SOURCE_UV_BOTTOM,1,SYS__RIGHT_SOURCE_UV_SENSE
SYS__RIGHT_R_SOURCE_UV_BOTTOM,2,PACK_RETURN
SYS__RIGHT_R_SOURCE_OV_TOP,1,SYS__RIGHT_REGULATOR_OUT
SYS__RIGHT_R_SOURCE_OV_TOP,2,SYS__RIGHT_SOURCE_OV_SENSE
SYS__RIGHT_R_SOURCE_OV_BOTTOM,1,SYS__RIGHT_SOURCE_OV_SENSE
SYS__RIGHT_R_SOURCE_OV_BOTTOM,2,PACK_RETURN
SYS__RIGHT_R_WINDOW_PULLUP,1,SYS__STOP_AUX3V3
SYS__RIGHT_R_WINDOW_PULLUP,2,SYS__RIGHT_SOURCE_WINDOW_OD
SYS__RIGHT_C_WINDOW,1,SYS__STOP_AUX3V3
SYS__RIGHT_C_WINDOW,2,PACK_RETURN
SYS__U_MONITOR_START,1,SYS__MONITOR_START_READY_OD
SYS__U_MONITOR_START,2,PACK_RETURN
SYS__U_MONITOR_START,3,SYS__STOP_AUX3V3
SYS__U_MONITOR_START,4,
SYS__U_MONITOR_START,5,SYS__STOP_AUX3V3
SYS__U_MONITOR_START,6,SYS__STOP_AUX3V3
SYS__R_MONITOR_START,1,SYS__STOP_AUX3V3
SYS__R_MONITOR_START,2,SYS__MONITOR_START_READY_OD
SYS__C_MONITOR_START,1,SYS__STOP_AUX3V3
SYS__C_MONITOR_START,2,PACK_RETURN
SYS__U_MONITOR_RX,1,
SYS__U_MONITOR_RX,2,SYS__MONITOR_START_READY_OD
SYS__U_MONITOR_RX,3,PACK_RETURN
SYS__U_MONITOR_RX,4,SYS__MONITOR_START_READY_LOGIC
SYS__U_MONITOR_RX,5,SYS__LOGIC3V3
SYS__R_MONITOR_RX_OFF,1,SYS__MONITOR_START_READY_LOGIC
SYS__R_MONITOR_RX_OFF,2,PACK_RETURN
SYS__C_MONITOR_RX,1,SYS__LOGIC3V3
SYS__C_MONITOR_RX,2,PACK_RETURN
SYS__R_SEQUENCE_OFF,1,SYS__SEQUENCE_ENABLE_REQUEST
SYS__R_SEQUENCE_OFF,2,PACK_RETURN
SYS__R_STOP_INPUT,1,PACK_POS_PROTECTED
SYS__R_STOP_INPUT,2,SYS__STOP_INPUT_LIMITED
SYS__D_STOP_REVERSE,1,SYS__STOP_INPUT_LIMITED
SYS__D_STOP_REVERSE,2,
SYS__D_STOP_REVERSE,3,SYS__STOP_LDO_INPUT
SYS__R_STOP_INPUT_BLEED,1,SYS__STOP_LDO_INPUT
SYS__R_STOP_INPUT_BLEED,2,PACK_RETURN
SYS__C_STOP_IN_HF,1,SYS__STOP_LDO_INPUT
SYS__C_STOP_IN_HF,2,PACK_RETURN
SYS__U_LOGIC_PROTECT,1,
SYS__U_LOGIC_PROTECT,2,
SYS__U_LOGIC_PROTECT,3,
SYS__U_LOGIC_PROTECT,4,
SYS__U_LOGIC_PROTECT,5,
SYS__U_LOGIC_PROTECT,6,
SYS__U_LOGIC_PROTECT,7,
SYS__U_LOGIC_PROTECT,8,PACK_POS_PROTECTED
SYS__U_LOGIC_PROTECT,9,PACK_POS_PROTECTED
SYS__U_LOGIC_PROTECT,10,SYS__LOGIC_UVLO
SYS__U_LOGIC_PROTECT,11,
SYS__U_LOGIC_PROTECT,12,SYS__LOGIC_OVP
SYS__U_LOGIC_PROTECT,13,
SYS__U_LOGIC_PROTECT,14,
SYS__U_LOGIC_PROTECT,15,SYS__LOGIC_PROTECT_RTN
SYS__U_LOGIC_PROTECT,16,
SYS__U_LOGIC_PROTECT,17,PACK_RETURN
SYS__U_LOGIC_PROTECT,18,
SYS__U_LOGIC_PROTECT,19,SYS__LOGIC_ILIM
SYS__U_LOGIC_PROTECT,20,
SYS__U_LOGIC_PROTECT,21,
SYS__U_LOGIC_PROTECT,22,
SYS__U_LOGIC_PROTECT,23,SYS__LOGIC_PROTECTED_INPUT
SYS__U_LOGIC_PROTECT,24,SYS__LOGIC_PROTECTED_INPUT
SYS__U_LOGIC_PROTECT,EP,SYS__LOGIC_PROTECT_RTN
SYS__R_LOGIC_UV_TOP,1,PACK_POS_PROTECTED
SYS__R_LOGIC_UV_TOP,2,SYS__LOGIC_UVLO
SYS__R_LOGIC_UV_BOTTOM,1,SYS__LOGIC_UVLO
SYS__R_LOGIC_UV_BOTTOM,2,SYS__LOGIC_PROTECT_RTN
SYS__R_LOGIC_OV_TOP,1,PACK_POS_PROTECTED
SYS__R_LOGIC_OV_TOP,2,SYS__LOGIC_OVP
SYS__R_LOGIC_OV_BOTTOM,1,SYS__LOGIC_OVP
SYS__R_LOGIC_OV_BOTTOM,2,SYS__LOGIC_PROTECT_RTN
SYS__R_LOGIC_ILIM,1,SYS__LOGIC_ILIM
SYS__R_LOGIC_ILIM,2,SYS__LOGIC_PROTECT_RTN
SYS__R_LOGIC_INPUT_BLEED,1,PACK_POS_PROTECTED
SYS__R_LOGIC_INPUT_BLEED,2,PACK_RETURN
SYS__C_LOGIC_PROTECT_IN_1,1,PACK_POS_PROTECTED
SYS__C_LOGIC_PROTECT_IN_1,2,PACK_RETURN
SYS__C_LOGIC_PROTECT_IN_2,1,PACK_POS_PROTECTED
SYS__C_LOGIC_PROTECT_IN_2,2,PACK_RETURN
SYS__C_LOGIC_PROTECT_OUT_1,1,SYS__LOGIC_PROTECTED_INPUT
SYS__C_LOGIC_PROTECT_OUT_1,2,PACK_RETURN
SYS__C_LOGIC_PROTECT_OUT_2,1,SYS__LOGIC_PROTECTED_INPUT
SYS__C_LOGIC_PROTECT_OUT_2,2,PACK_RETURN
SYS__U_LOGIC_LDO,1,SYS__LOGIC3V3
SYS__U_LOGIC_LDO,2,
SYS__U_LOGIC_LDO,3,PACK_RETURN
SYS__U_LOGIC_LDO,4,
SYS__U_LOGIC_LDO,5,
SYS__U_LOGIC_LDO,6,SYS__LOGIC_PROTECTED_INPUT
SYS__U_LOGIC_LDO,EP,PACK_RETURN
SYS__C_LOGIC_LDO_OUT,1,SYS__LOGIC3V3
SYS__C_LOGIC_LDO_OUT,2,PACK_RETURN
SYS__LEFT_U_REGULATOR,VIN,PACK_POS_PROTECTED
SYS__LEFT_U_REGULATOR,GND,PACK_RETURN
SYS__LEFT_U_REGULATOR,VOUT,SYS__LEFT_REGULATOR_OUT
SYS__LEFT_U_REGULATOR,ENA,SYS__LEFT_REGULATOR_ENA
SYS__LEFT_U_REGULATOR,ENB,
SYS__LEFT_U_REGULATOR,PFM,
SYS__LEFT_U_REGULATOR,PG,
SYS__RIGHT_U_REGULATOR,VIN,PACK_POS_PROTECTED
SYS__RIGHT_U_REGULATOR,GND,PACK_RETURN
SYS__RIGHT_U_REGULATOR,VOUT,SYS__RIGHT_REGULATOR_OUT
SYS__RIGHT_U_REGULATOR,ENA,SYS__RIGHT_REGULATOR_ENA
SYS__RIGHT_U_REGULATOR,ENB,
SYS__RIGHT_U_REGULATOR,PFM,
SYS__RIGHT_U_REGULATOR,PG,
SYS__LEFT_R_DISCHARGE_1,1,SYS__LEFT_SERVO_BUS
SYS__LEFT_R_DISCHARGE_1,2,PACK_RETURN
SYS__LEFT_R_DISCHARGE_2,1,SYS__LEFT_SERVO_BUS
SYS__LEFT_R_DISCHARGE_2,2,PACK_RETURN
SYS__RIGHT_R_DISCHARGE_1,1,SYS__RIGHT_SERVO_BUS
SYS__RIGHT_R_DISCHARGE_1,2,PACK_RETURN
SYS__RIGHT_R_DISCHARGE_2,1,SYS__RIGHT_SERVO_BUS
SYS__RIGHT_R_DISCHARGE_2,2,PACK_RETURN
SYS__LEFT_R_REG_EN_PD,1,SYS__LEFT_REGULATOR_ENA
SYS__LEFT_R_REG_EN_PD,2,PACK_RETURN
SYS__LEFT_R_REG_EN_SER,1,SYS__LEFT_REGULATOR_ALLOW
SYS__LEFT_R_REG_EN_SER,2,SYS__LEFT_REGULATOR_ENA
SYS__RIGHT_R_REG_EN_PD,1,SYS__RIGHT_REGULATOR_ENA
SYS__RIGHT_R_REG_EN_PD,2,PACK_RETURN
SYS__RIGHT_R_REG_EN_SER,1,SYS__RIGHT_REGULATOR_ALLOW
SYS__RIGHT_R_REG_EN_SER,2,SYS__RIGHT_REGULATOR_ENA
