episode,side,start_s,end_s,air_s,peak_mm,supported_fraction,next_ground_s
0,left,0.26,0.28,0.02,-0.061243605734621634,1.0,0.74
0,left,1.02,1.04,0.02,0.003645471234804687,1.0,0.02
0,left,1.06,1.48,0.42,1.3133513944154,1.0,0.12
0,left,1.6,1.62,0.02,0.005956706398497526,1.0,1.1400000000000001
0,left,2.76,2.88,0.12,1.4828352177169,1.0,0.08
0,left,2.96,3.08,0.12,2.1167138630133,1.0,0.86
0,left,3.94,3.96,0.02,0.2920282348665,1.0,0.18
0,left,4.14,4.18,0.04,0.1747481588071,1.0,0.02
0,left,4.2,4.22,0.02,0.02158316736580561,1.0,0.1
0,left,4.32,4.4,0.08,0.3303290030822,1.0,0.08
0,left,4.48,4.54,0.06,1.220327975557,1.0,1.34
0,left,5.88,5.9,0.02,-0.09365038752445308,1.0,0.02
0,left,5.92,5.94,0.02,0.002184887317547039,1.0,0.1
0,left,6.04,6.0600000000000005,0.02,-0.133554206728,1.0,1.12
0,left,7.18,7.2,0.02,0.0834170710821841,1.0,0.02
0,left,7.22,7.24,0.02,0.004075126717850274,1.0,0.04
0,left,7.28,7.3,0.02,-0.01485696143572416,1.0,0.12
0,left,7.42,7.5,0.08,1.5692664392281999,1.0,0.02
0,left,7.52,7.58,0.06,0.5851882217652,1.0,1.32
0,left,8.9,8.98,0.08,0.6981286043765,1.0,0.08
0,left,9.06,9.16,0.1,1.5895906031241,1.0,0.1
0,left,9.26,9.36,0.1,2.777538167762,1.0,0.02
0,left,9.38,9.4,0.02,-0.06885992486764525,1.0,1.12
0,left,10.52,10.54,0.02,0.014586115539161164,1.0,0.02
0,left,10.56,10.6,0.04,0.4604570875295,1.0,0.08
0,left,10.68,10.76,0.08,0.1583470332886,1.0,0.26
0,left,11.02,11.04,0.02,0.02626518016146835,1.0,0.02
0,left,11.06,11.12,0.06,0.1633843395075,1.0,0.9
0,right,1.72,1.84,0.12,1.819492944934,1.0,0.14
0,right,1.98,2.06,0.08,0.7896618122273,1.0,1.34
0,right,3.4,3.48,0.08,1.0505223052283,1.0,0.12
0,right,3.6,3.68,0.08,1.6215491797886,1.0,1.3
0,right,4.98,5.12,0.14,5.4234537985131,1.0,1.48
0,right,6.6000000000000005,6.66,0.06,1.5276947866352,1.0,0.18
0,right,6.84,6.92,0.08,0.4729346201456,1.0,1.24
0,right,8.16,8.26,0.1,1.0530181399331,1.0,0.18
0,right,8.44,8.56,0.12,1.2616465394413998,1.0,1.22
0,right,9.78,9.9,0.12,1.9453106429393,1.0,0.2
0,right,10.1,10.14,0.04,1.7203045987863,1.0,1.3
0,right,11.44,11.6,0.16,3.1363304614831997,1.0,0.14
0,right,11.74,11.76,0.02,-0.07242224126481708,1.0,0.02
0,right,11.78,11.8,0.02,0.4202525654524,1.0,0.22
1,left,0.08,0.14,0.06,0.3707005772138,1.0,0.8200000000000001
1,left,0.96,0.98,0.02,0.0031921025967461547,1.0,0.02
1,left,1.0,1.48,0.48,3.6642808922066,1.0,0.98
1,left,2.46,2.48,0.02,0.004624539471323463,1.0,0.02
1,left,2.5,2.52,0.02,-0.05537872357252831,1.0,0.44
1,left,2.96,2.98,0.02,0.00065500734159913,1.0,0.02
1,left,3.0,3.02,0.02,0.009714657464569842,1.0,0.02
1,left,3.04,3.06,0.02,0.3666163254769,1.0,1.18
1,left,4.24,4.26,0.02,0.08102560619898769,1.0,0.06
1,left,4.32,4.34,0.02,-0.055632083273270336,1.0,0.02
1,left,4.36,4.38,0.02,-0.008564464188903862,1.0,0.06
1,left,4.44,4.48,0.04,0.239193853151,1.0,1.1
1,left,5.58,5.6000000000000005,0.02,0.018985642829057355,1.0,0.1
1,left,5.7,5.76,0.06,0.03398344874407273,1.0,0.16
1,left,5.92,6.08,0.16,1.8911613119947,1.0,0.06
1,left,6.140000000000001,6.32,0.18,3.1117745335318,1.0,1.02
1,left,7.34,7.38,0.04,0.1705799229374,1.0,0.06
1,left,7.44,7.56,0.12,1.6449522556704002,1.0,0.08
1,left,7.640000000000001,7.82,0.18,2.6885257112213,1.0,0.08
1,left,7.9,7.92,0.02,0.009627366951697226,1.0,0.96
1,left,8.88,8.9,0.02,0.008422335130145973,1.0,0.1
1,left,9.0,9.08,0.08,0.9599463546039,1.0,0.08
1,left,9.16,9.36,0.2,3.1218546861378003,1.0,0.04
1,left,9.4,9.42,0.02,0.012084692213008149,1.0,0.02
1,left,9.44,9.48,0.04,0.3475553372053,1.0,1.0
1,left,10.48,10.5,0.02,-0.1064154476781,1.0,0.02
1,left,10.52,10.54,0.02,-0.03255966952863017,1.0,0.14
1,left,10.68,10.7,0.02,0.10807005478199999,1.0,0.02
1,left,10.72,10.74,0.02,0.0008127378384025635,1.0,0.02
1,left,10.76,10.78,0.02,0.2554088918316,1.0,0.02
1,left,10.8,10.82,0.02,-0.20208196568560002,1.0,0.04
1,left,10.86,10.88,0.02,0.03781183725629816,1.0,1.1400000000000001
1,right,1.8,1.86,0.06,1.2814465642012,1.0,0.16
1,right,2.02,2.16,0.14,2.9239707708363,1.0,1.22
1,right,3.38,3.42,0.04,0.2178361637219,1.0,1.52
1,right,4.94,5.0,0.06,0.4027198491194,1.0,0.16
1,right,5.16,5.24,0.08,4.4807997231683006,1.0,0.14
1,right,5.38,5.4,0.02,0.013277804723377685,1.0,0.04
1,right,5.44,5.46,0.02,-0.1376391285454,1.0,0.92
1,right,6.38,6.42,0.04,0.3444673978746,1.0,0.2
1,right,6.62,6.72,0.1,2.9627681687978997,1.0,0.16
1,right,6.88,6.96,0.08,2.3614344552241002,1.0,1.24
1,right,8.2,8.34,0.14,3.5545243259264,1.0,0.18
1,right,8.52,8.6,0.08,3.1821083713754,1.0,1.26
1,right,9.86,9.94,0.08,0.4568080623776,1.0,1.5
1,right,11.44,11.54,0.1,1.967800237453,1.0,0.16
1,right,11.7,11.76,0.06,0.6202423171312,1.0,0.26
2,left,1.04,1.22,0.18,0.9266354786646,1.0,0.02
2,left,1.24,1.26,0.02,0.01985612739312595,1.0,0.04
2,left,1.3,1.5,0.2,2.4392774471,1.0,1.28
2,left,2.78,2.9,0.12,1.1535533697281,1.0,0.1
2,left,3.0,3.04,0.04,0.397827966528,1.0,1.08
2,left,4.12,4.14,0.02,0.06915499966262707,1.0,0.14
2,left,4.28,4.3,0.02,0.0018230324833629769,1.0,0.16
2,left,4.46,4.48,0.02,0.07431042740419988,1.0,0.02
2,left,4.5,4.64,0.14,0.9877719625497999,1.0,0.02
2,left,4.66,4.68,0.02,0.26188301250859997,1.0,0.08
2,left,4.76,4.78,0.02,0.009006464281700963,1.0,0.8
2,left,5.58,5.62,0.04,0.013556098264256612,1.0,0.16
2,left,5.78,5.8,0.02,0.01535565139100482,1.0,0.06
2,left,5.86,5.88,0.02,0.033861300197736074,1.0,0.02
2,left,5.9,5.92,0.02,0.13198953699180002,1.0,0.02
2,left,5.94,5.98,0.04,0.47401070553779995,1.0,0.1
2,left,6.08,6.12,0.04,0.8420338864096,1.0,1.26
2,left,7.38,7.4,0.02,0.1467299627216,1.0,0.06
2,left,7.46,7.52,0.06,0.1395152523079,1.0,0.08
2,left,7.6,7.640000000000001,0.04,1.1092162262299,1.0,0.02
2,left,7.66,7.68,0.02,-0.22238624651480002,1.0,1.1400000000000001
2,left,8.82,8.84,0.02,0.00018464228233351645,1.0,0.26
2,left,9.1,9.12,0.02,0.00205395020209595,1.0,0.02
2,left,9.14,9.16,0.02,-0.06018171662404252,1.0,1.26
2,left,10.42,10.44,0.02,0.011460188645427432,1.0,0.02
2,left,10.46,10.48,0.02,-0.01136157362578629,1.0,0.18
2,left,10.66,10.68,0.02,-0.03700098206238772,1.0,0.06
2,left,10.74,10.76,0.02,-0.086430077165996,1.0,0.02
2,left,10.78,10.8,0.02,-0.1188024536029,1.0,0.02
2,left,10.82,10.84,0.02,-0.06995466538843023,1.0,0.9400000000000001
2,left,11.78,11.8,0.02,0.053692460164203766,1.0,0.18
2,left,11.98,12.0,0.02,0.03366977894577079,1.0,0.02
2,right,1.56,1.58,0.02,0.011287171629497088,1.0,0.16
2,right,1.74,1.8,0.06,0.3518682891142,1.0,0.22
2,right,2.02,2.08,0.06,0.5522150108436,1.0,1.28
2,right,3.36,3.58,0.22,3.6628208117273,1.0,0.12
2,right,3.7,3.82,0.12,1.6808874426954,1.0,1.1400000000000001
2,right,4.96,5.0200000000000005,0.06,0.2094796348905,1.0,0.22
2,right,5.24,5.26,0.02,0.01846636958334653,1.0,1.26
2,right,6.5200000000000005,6.58,0.06,0.2170488221962,1.0,0.2
2,right,6.78,6.84,0.06,0.3301216219694,1.0,0.16
2,right,7.0,7.0600000000000005,0.06,1.2276273173030001,1.0,2.7800000000000002
2,right,9.84,9.92,0.08,0.7527672160043,1.0,1.46
2,right,11.38,11.44,0.06,0.4015975525853,1.0,0.2
2,right,11.64,11.72,0.08,1.1257510057459998,1.0,0.3
3,left,1.06,1.38,0.32,2.0621990001259,1.0,0.08
3,left,1.46,1.58,0.12,3.8445960375259,1.0,0.86
3,left,2.44,2.46,0.02,-0.0971897962661495,1.0,0.02
3,left,2.48,2.54,0.06,0.005044019609891891,1.0,0.02
3,left,2.56,2.7,0.14,0.1976972566596,1.0,0.02
3,left,2.72,2.94,0.22,0.764049586581,1.0,0.02
3,left,2.96,3.1,0.14,3.2469682299095997,1.0,0.9
3,left,4.0,4.0200000000000005,0.02,0.0008529597138712784,1.0,0.04
3,left,4.0600000000000005,4.08,0.02,0.06633404666276602,1.0,0.02
3,left,4.1,4.14,0.04,0.1473549593144,1.0,0.06
3,left,4.2,4.54,0.34,0.5101999188795,1.0,1.02
3,left,5.5600000000000005,5.62,0.06,0.2220684657085,1.0,0.04
3,left,5.66,5.68,0.02,-0.1371686139771,1.0,0.1
3,left,5.78,5.98,0.2,0.8287874638715,1.0,0.06
3,left,6.04,6.0600000000000005,0.02,-0.0838286045469227,1.0,0.02
3,left,6.08,6.26,0.18,1.8819379106396,1.0,0.02
3,left,6.28,6.3,0.02,0.011399282319043188,1.0,0.92
3,left,7.22,7.3,0.08,0.30971493490790003,1.0,0.08
3,left,7.38,7.44,0.06,0.43293780879189997,1.0,0.22
3,left,7.66,7.78,0.12,1.8581454285360999,1.0,1.04
3,left,8.82,8.84,0.02,0.0704045726271068,1.0,0.12
3,left,8.96,9.0,0.04,0.6188040637243,1.0,0.02
3,left,9.02,9.04,0.02,0.08894355951395619,1.0,0.08
3,left,9.12,9.26,0.14,3.3905760246159002,1.0,1.2
3,left,10.46,10.62,0.16,1.8105307477218,1.0,0.08
3,left,10.7,10.82,0.12,0.549076249997,1.0,0.06
3,left,10.88,10.96,0.08,1.5682322296556999,1.0,1.06
3,right,1.66,1.68,0.02,0.3807238165008,1.0,0.04
3,right,1.72,1.76,0.04,0.7184607443005,1.0,0.12
3,right,1.88,1.94,0.06,0.2684331516272,1.0,0.02
3,right,1.96,1.98,0.02,0.0014807877093993282,1.0,1.44
3,right,3.42,3.54,0.12,3.3658917672511,1.0,0.14
3,right,3.68,3.74,0.06,0.6507135440366,1.0,1.24
3,right,4.98,5.0600000000000005,0.08,1.5189254154988001,1.0,0.16
3,right,5.22,5.24,0.02,0.003063652040141696,1.0,1.4000000000000001
3,right,6.640000000000001,6.78,0.14,3.9639740691688004,1.0,0.16
3,right,6.94,7.0200000000000005,0.08,0.7006674332357,1.0,1.1400000000000001
3,right,8.16,8.2,0.04,0.3011593791076,1.0,0.24
3,right,8.44,8.46,0.02,0.2067722288028,1.0,1.36
3,right,9.82,9.92,0.1,1.898621228899,1.0,0.18
3,right,10.1,10.2,0.1,1.9355003938407,1.0,1.1400000000000001
3,right,11.34,11.38,0.04,0.003060181645507705,1.0,0.22
3,right,11.6,11.62,0.02,0.029483065556607305,1.0,0.4
4,left,0.12,0.14,0.02,-0.007050726805173969,1.0,0.76
4,left,0.9,0.92,0.02,0.0005975668429815915,1.0,0.08
4,left,1.0,1.36,0.36,5.796048315426,1.0,1.16
4,left,2.52,2.54,0.02,0.09003993589201242,1.0,0.12
4,left,2.66,2.7,0.04,0.1438536795174,1.0,0.06
4,left,2.76,2.78,0.02,0.01847925695826636,1.0,0.02
4,left,2.8000000000000003,2.84,0.04,0.2141936122684,1.0,0.12
4,left,2.96,3.08,0.12,1.575146489255,1.0,0.98
4,left,4.0600000000000005,4.08,0.02,-0.05979978437968547,1.0,0.06
4,left,4.14,4.16,0.02,-0.029811908839076293,1.0,0.06
4,left,4.22,4.46,0.24,1.2780169415722,1.0,0.04
4,left,4.5,4.5200000000000005,0.02,0.497500900916,1.0,0.04
4,left,4.5600000000000005,4.6000000000000005,0.04,0.1557992581476,1.0,0.26
4,right,1.74,1.94,0.2,6.0125009972814,1.0,0.02
4,right,1.96,2.0,0.04,0.09818139453991476,1.0,0.2
4,right,2.2,2.22,0.02,0.0021779965930137507,1.0,1.16
4,right,3.38,3.42,0.04,0.06114385173232317,1.0,0.14
4,right,3.56,3.62,0.06,1.2281595809371,1.0,0.18
4,right,3.8,3.82,0.02,0.12477711419929999,1.0,1.04
5,left,0.08,0.1,0.02,0.008314238385565996,1.0,0.92
5,left,1.02,1.04,0.02,0.010845470120706031,1.0,0.02
5,left,1.06,1.36,0.3,1.4928766841235,1.0,0.04
5,left,1.4,1.48,0.08,1.0382595521555,1.0,1.02
5,left,2.5,2.9,0.4,1.5176792120807001,1.0,0.06
5,left,2.96,3.06,0.1,2.41054191302,1.0,0.96
5,left,4.0200000000000005,4.24,0.22,3.3443957473947,1.0,0.08
5,left,4.32,4.42,0.1,1.4285248143512999,1.0,0.16
5,left,4.58,4.68,0.1,2.7427679653832002,1.0,0.9400000000000001
5,left,5.62,5.64,0.02,0.010860250592333032,1.0,0.06
5,left,5.7,5.74,0.04,0.1009163775555,1.0,0.02
5,left,5.76,5.8,0.04,0.08371214954156457,1.0,0.06
5,left,5.86,5.98,0.12,0.7772762177661,1.0,0.08
5,left,6.0600000000000005,6.1000000000000005,0.04,1.5983343594358999,1.0,1.1
5,left,7.2,7.22,0.02,0.19267493479109998,1.0,0.02
5,left,7.24,7.26,0.02,0.1456408868479,1.0,0.06
5,left,7.32,7.48,0.16,1.1150409761847,1.0,0.06
5,left,7.54,7.68,0.14,2.7323994013852,1.0,0.1
5,left,7.78,7.8,0.02,-0.09097388003728984,1.0,1.16
5,left,8.96,8.98,0.02,0.20567491606850002,1.0,0.1
5,left,9.08,9.24,0.16,1.223512513328,1.0,0.1
5,left,9.34,9.42,0.08,5.905668591795401,1.0,1.12
5,left,10.54,10.56,0.02,0.49421239683740004,1.0,0.02
5,left,10.58,10.6,0.02,0.00371107167154109,1.0,0.08
5,left,10.68,10.9,0.22,5.593542277173699,1.0,0.1
5,left,11.0,11.08,0.08,3.9087944053415002,1.0,0.9400000000000001
5,right,1.66,1.68,0.02,0.02151225833735412,1.0,0.16
5,right,1.84,1.94,0.1,1.5933651772091,1.0,0.06
5,right,2.0,2.02,0.02,0.07826013547718993,1.0,1.5
5,right,3.52,3.56,0.04,0.5927347713802,1.0,0.2
5,right,3.76,3.82,0.06,3.6699934722179,1.0,1.16
5,right,4.98,5.0200000000000005,0.04,0.19263827617770002,1.0,0.26
5,right,5.28,5.34,0.06,0.2485315091867,1.0,1.24
5,right,6.58,6.640000000000001,0.06,0.4270571537565,1.0,0.14
5,right,6.78,6.86,0.08,2.5813000964961996,1.0,0.18
5,right,7.04,7.0600000000000005,0.02,-0.30539285605809996,1.0,1.02
5,right,8.08,8.120000000000001,0.04,0.8346392053518,1.0,0.18
5,right,8.3,8.4,0.1,4.6364277106843,1.0,1.32
5,right,9.72,9.86,0.14,6.2416706451581,1.0,0.06
5,right,9.92,9.94,0.02,0.932493006244,1.0,0.14
5,right,10.08,10.12,0.04,2.0728599928518,1.0,1.24
5,right,11.36,11.46,0.1,0.9411842675311,1.0,0.16
5,right,11.62,11.7,0.08,2.2007464843844997,1.0,0.32
6,left,1.18,1.2,0.02,-0.06441331227535199,1.0,1.32
6,left,2.52,2.64,0.12,2.1650749504286,1.0,0.12
6,left,2.76,2.78,0.02,-0.1085964011184,1.0,0.02
6,left,2.8000000000000003,2.82,0.02,-0.06762324866956514,1.0,0.12
6,left,2.94,3.06,0.12,3.5117038516587,1.0,0.1
6,left,3.16,3.18,0.02,-0.04391621065033069,1.0,1.04
6,left,4.22,4.3,0.08,0.8135694114972,1.0,0.08
6,left,4.38,4.5,0.12,0.7819320222576,1.0,0.08
6,left,4.58,4.64,0.06,1.9915397423284003,1.0,0.04
6,left,4.68,4.7,0.02,-0.05316203788920376,1.0,0.92
6,left,5.62,5.64,0.02,0.14040211829340002,1.0,0.02
6,left,5.66,5.68,0.02,0.520531925945,1.0,0.1
6,left,5.78,5.92,0.14,1.0546525225566001,1.0,0.04
6,left,5.96,6.1000000000000005,0.14,3.5638773431610002,1.0,1.1400000000000001
6,left,7.24,7.28,0.04,0.2172692858469,1.0,0.12
6,left,7.4,7.52,0.12,0.8932044677984,1.0,0.08
6,left,7.6,7.86,0.26,4.6689661034023,1.0,1.06
6,left,8.92,8.94,0.02,0.1595186340876,1.0,0.34
6,left,9.28,9.34,0.06,2.6736405047629,1.0,1.42
6,left,10.76,10.78,0.02,0.014108319383616431,1.0,0.08
6,left,10.86,11.08,0.22,1.8538939965312,1.0,0.9400000000000001
6,right,1.82,1.9,0.08,0.1492341325843,1.0,0.02
6,right,1.92,1.94,0.02,0.05064498093162138,1.0,0.22
6,right,2.16,2.18,0.02,0.07187251603956411,1.0,1.08
6,right,3.26,3.3200000000000003,0.06,0.9744461415215,1.0,0.14
6,right,3.46,3.58,0.12,2.640412862113,1.0,1.4000000000000001
6,right,4.98,5.1000000000000005,0.12,4.462896025447,1.0,0.1
6,right,5.2,5.28,0.08,1.0645700631321,1.0,0.16
6,right,5.44,5.48,0.04,0.1303865096624,1.0,1.0
6,right,6.48,6.5,0.02,0.04157656517146061,1.0,0.12
6,right,6.62,6.72,0.1,1.4194831286161,1.0,0.2
6,right,6.92,6.98,0.06,0.9784133987607001,1.0,1.18
6,right,8.16,8.32,0.16,3.5765888043957,1.0,0.16
6,right,8.48,8.56,0.08,1.309777888608,1.0,1.36
6,right,9.92,9.98,0.06,0.8089603306146,1.0,0.16
6,right,10.14,10.18,0.04,0.08727237603206074,1.0,1.18
6,right,11.36,11.44,0.08,1.3522257334399,1.0,0.58
7,left,0.96,0.98,0.02,-0.07833417019763311,1.0,0.02
7,left,1.0,1.02,0.02,-0.05914738293209213,1.0,0.04
7,left,1.06,1.44,0.38,7.814576162353201,1.0,1.3
7,left,2.74,2.76,0.02,0.0355046433236075,1.0,0.06
7,left,2.82,2.94,0.12,1.061358684293,1.0,0.08
7,left,3.02,3.04,0.02,0.08358986881252216,1.0,0.96
7,left,4.0,4.04,0.04,0.2281612405376,1.0,0.1
7,left,4.14,4.26,0.12,1.7137617269097,1.0,0.08
7,left,4.34,4.54,0.2,5.1714874860165,1.0,1.06
7,left,5.6000000000000005,5.62,0.02,0.08194985689935225,1.0,0.14
7,left,5.76,5.8,0.04,0.058648327872376074,1.0,0.08
7,left,5.88,5.9,0.02,0.06959024592662977,1.0,0.02
7,left,5.92,5.94,0.02,0.03460529789916806,1.0,0.02
7,left,5.96,6.0,0.04,0.46147518954879996,1.0,0.08
7,left,6.08,6.1000000000000005,0.02,-0.07940942229610749,1.0,1.1
7,left,7.2,7.24,0.04,0.216562036925,1.0,0.16
7,left,7.4,7.56,0.16,1.6917337800221,1.0,0.08
7,left,7.640000000000001,7.9,0.26,1.7327884753140002,1.0,0.9
7,left,8.8,8.86,0.06,0.5375476953450999,1.0,0.08
7,left,8.94,9.14,0.2,2.6608302210634003,1.0,0.06
7,left,9.2,9.48,0.28,4.7559127975586,1.0,0.9
7,left,10.38,10.4,0.02,-0.1262187400554,1.0,0.18
7,left,10.58,10.62,0.04,0.524485790485,1.0,0.12
7,left,10.74,10.84,0.1,0.30078757542620005,1.0,0.06
7,left,10.9,10.94,0.04,0.7775248672421999,1.0,1.08
7,right,1.68,1.78,0.1,2.120982760038,1.0,0.12
7,right,1.9,2.0,0.1,1.1312025831716999,1.0,0.16
7,right,2.16,2.24,0.08,2.2965361069066,1.0,1.18
7,right,3.42,3.48,0.06,0.1329835155467,1.0,0.12
7,right,3.6,3.72,0.12,2.3587996696296,1.0,0.14
7,right,3.86,3.88,0.02,0.1185384557856,1.0,1.06
7,right,4.94,5.0,0.06,0.6365881277391999,1.0,0.2
7,right,5.2,5.28,0.08,1.2645918926647,1.0,0.16
7,right,5.44,5.46,0.02,0.1180751830346,1.0,1.3
7,right,6.76,6.88,0.12,2.451052401145,1.0,1.3
7,right,8.18,8.28,0.1,5.518307123709399,1.0,0.02
7,right,8.3,8.32,0.02,-0.4058317424724,1.0,0.04
7,right,8.36,8.48,0.12,2.1357538486625,1.0,1.42
7,right,9.9,10.02,0.12,1.5461646115796,1.0,1.3800000000000001
7,right,11.4,11.48,0.08,1.5202541364515,1.0,0.54
8,left,2.48,2.56,0.08,0.4843180944201,1.0,0.06
8,left,2.62,2.68,0.06,0.04726307125463812,1.0,0.08
8,left,2.76,2.88,0.12,2.3935367502089,1.0,0.04
8,left,2.92,2.94,0.02,-0.06901706065085608,1.0,0.02
8,left,2.96,2.98,0.02,-0.07458069331666828,1.0,0.04
8,left,3.02,3.04,0.02,0.2994648609847,1.0,1.42
8,left,4.46,4.5,0.04,0.006284393581650408,1.0,1.26
8,left,5.76,5.78,0.02,0.018201892495729902,1.0,0.1
8,left,5.88,6.0,0.12,3.3449083554821,1.0,1.26
8,left,7.26,7.34,0.08,1.2341022613091999,1.0,0.1
8,left,7.44,7.54,0.1,0.8275836745715001,1.0,0.16
8,left,7.7,7.84,0.14,1.2145176505770001,1.0,0.98
8,left,8.82,8.84,0.02,0.38212672834899997,1.0,0.1
8,left,8.94,9.06,0.12,0.9684182798659,1.0,0.08
8,left,9.14,9.28,0.14,2.1524778225444,1.0,0.02
8,left,9.3,9.32,0.02,0.002767577470108931,1.0,0.04
8,left,9.36,9.4,0.04,1.2183013948134,1.0,1.16
8,left,10.56,10.62,0.06,0.05185405216741844,1.0,0.02
8,left,10.64,10.66,0.02,0.05275146938025144,1.0,0.08
8,left,10.74,10.8,0.06,0.31877234613640004,1.0,0.02
8,left,10.82,10.86,0.04,-0.04692097281467343,1.0,0.02
8,left,10.88,10.9,0.02,-0.06553641576521191,1.0,0.02
8,left,10.92,10.94,0.02,0.008117436188757616,1.0,1.08
8,right,1.78,1.96,0.18,2.8239043365652,1.0,0.12
8,right,2.08,2.18,0.1,1.0532910917465999,1.0,1.16
8,right,3.34,3.56,0.22,3.8979135256834,1.0,0.26
8,right,3.82,3.84,0.02,0.10686761790320001,1.0,0.02
8,right,3.86,3.92,0.06,0.4018993076657,1.0,1.02
8,right,4.94,5.0,0.06,0.2039135831817,1.0,0.02
8,right,5.0200000000000005,5.04,0.02,-0.004158527055013114,1.0,0.16
8,right,5.2,5.28,0.08,1.0057129643682001,1.0,1.28
8,right,6.5600000000000005,6.66,0.1,1.461219520462,1.0,0.18
8,right,6.84,6.94,0.1,4.2047216865219,1.0,1.2
8,right,8.14,8.16,0.02,0.014564795405473152,1.0,0.02
8,right,8.18,8.26,0.08,2.058265198674,1.0,0.2
8,right,8.46,8.52,0.06,1.2840434084328,1.0,1.2
8,right,9.72,9.82,0.1,2.6592264267109,1.0,1.56
8,right,11.38,11.42,0.04,0.6237827682963,1.0,0.22
8,right,11.64,11.72,0.08,0.8515198308484,1.0,0.3
9,left,1.06,1.46,0.4,2.4133769060416,1.0,0.08
9,left,1.54,1.56,0.02,0.010985829880327466,1.0,0.88
9,left,2.44,2.62,0.18,0.9071034658419,1.0,0.02
9,left,2.64,2.76,0.12,0.411744586679,1.0,0.02
9,left,2.78,3.12,0.34,3.1489620940333003,1.0,0.86
9,left,3.98,4.0,0.02,0.001166113984652807,1.0,0.1
9,left,4.1,4.16,0.06,1.0704623647614,1.0,0.12
9,left,4.28,4.3,0.02,-0.06178605680585676,1.0,0.2
9,left,4.5,4.54,0.04,0.6667407309254001,1.0,1.1
9,left,5.64,5.7,0.06,0.1795100769848,1.0,0.1
9,left,5.8,5.94,0.14,1.2840983995828,1.0,0.08
9,left,6.0200000000000005,6.0600000000000005,0.04,0.9514253730359,1.0,0.34
9,right,1.76,1.78,0.02,0.1053340134303,1.0,0.06
9,right,1.84,1.86,0.02,0.1344823983462,1.0,0.02
9,right,1.88,1.9,0.02,0.0011992744426373575,1.0,0.02
9,right,1.92,2.0,0.08,1.1150247243557,1.0,1.4000000000000001
9,right,3.4,3.64,0.24,7.4776576470846,1.0,0.14
9,right,3.78,3.88,0.1,0.5044855527708,1.0,1.1400000000000001
9,right,5.0200000000000005,5.04,0.02,0.030615248453120386,1.0,0.22
9,right,5.26,5.34,0.08,1.1797932623678,1.0,1.06
10,left,1.06,1.28,0.22,1.0744542173087,1.0,0.06
10,left,1.34,1.38,0.04,0.14523668880499999,1.0,0.08
10,left,1.46,1.54,0.08,5.7331071508279,1.0,0.9400000000000001
10,left,2.48,2.54,0.06,0.4905192947836,1.0,0.1
10,left,2.64,2.68,0.04,0.368092794965,1.0,0.2
10,left,2.88,2.94,0.06,0.2840214963936,1.0,0.08
10,left,3.02,3.06,0.04,0.3254215348493,1.0,0.96
10,left,4.0200000000000005,4.08,0.06,1.9107031879765999,1.0,0.06
10,left,4.14,4.16,0.02,0.03224248193488223,1.0,0.1
10,left,4.26,4.4,0.14,1.160148146869,1.0,0.06
10,left,4.46,4.58,0.12,1.8873890917459002,1.0,1.02
10,left,5.6000000000000005,5.62,0.02,-0.04224479094255135,1.0,0.14
10,left,5.76,5.78,0.02,0.46077520278190004,1.0,0.02
10,left,5.8,5.82,0.02,0.3867451071658,1.0,0.02
10,left,5.84,5.86,0.02,0.00885163224165035,1.0,0.16
10,left,6.0200000000000005,6.16,0.14,1.0663573549426,1.0,0.06
10,left,6.22,6.24,0.02,0.0038963970952869686,1.0,0.96
10,left,7.2,7.22,0.02,0.04265668837749679,1.0,0.12
10,left,7.34,7.36,0.02,0.4616733126086,1.0,0.06
10,left,7.42,7.46,0.04,0.1873390103489,1.0,0.02
10,left,7.48,7.52,0.04,0.0008202406327579778,1.0,0.02
10,left,7.54,7.56,0.02,-0.14192571006719998,1.0,0.02
10,left,7.58,7.6,0.02,-0.12300017987770001,1.0,0.06
10,left,7.66,7.68,0.02,0.015507890172524342,1.0,1.12
10,left,8.8,8.9,0.1,1.4388232427338,1.0,0.02
10,left,8.92,8.96,0.04,0.2306187132322,1.0,0.06
10,left,9.02,9.16,0.14,2.2395334134119,1.0,0.02
10,left,9.18,9.2,0.02,-0.08697921178716815,1.0,0.08
10,left,9.28,9.3,0.02,0.0017037681897960968,1.0,1.08
10,left,10.38,10.4,0.02,-0.1440446385449,1.0,0.06
10,left,10.46,10.48,0.02,-0.08713085551726243,1.0,0.02
10,left,10.5,10.54,0.04,0.1496611579122,1.0,0.06
10,left,10.6,10.8,0.2,3.3351180239124,1.0,0.08
10,left,10.88,11.0,0.12,2.1428163937259,1.0,1.02
10,right,1.58,1.6,0.02,0.019240859583783507,1.0,0.06
10,right,1.66,1.68,0.02,0.023278172905368683,1.0,0.02
10,right,1.7,1.72,0.02,0.1956211586461,1.0,0.16
10,right,1.88,2.0,0.12,2.1046500086481,1.0,0.14
10,right,2.14,2.18,0.04,1.2245359390164,1.0,1.16
10,right,3.34,3.48,0.14,3.7410323534771,1.0,0.16
10,right,3.64,3.78,0.14,4.7599040805201,1.0,1.34
10,right,5.12,5.14,0.02,0.010611251643866115,1.0,0.02
10,right,5.16,5.2,0.04,0.6590018736591,1.0,0.16
10,right,5.36,5.4,0.04,0.6198626768227999,1.0,1.24
10,right,6.640000000000001,6.72,0.08,2.0325147421456,1.0,0.16
10,right,6.88,6.9,0.02,0.1260776909057,1.0,0.02
10,right,6.92,6.94,0.02,0.0222181055304577,1.0,1.26
10,right,8.2,8.3,0.1,1.3722682592735,1.0,0.16
10,right,8.46,8.48,0.02,0.027763894464235845,1.0,1.28
10,right,9.76,9.8,0.04,0.5293394439263,1.0,0.16
10,right,9.96,10.06,0.1,1.1384248141194,1.0,0.14
10,right,10.2,10.24,0.04,0.010928507113292655,1.0,1.12
10,right,11.36,11.4,0.04,0.2156383433288,1.0,0.24
10,right,11.64,11.72,0.08,2.0394963775495,1.0,0.3
11,left,0.08,0.16,0.08,1.4238881745114,1.0,0.08
11,left,0.24,0.26,0.02,-0.07924397379924492,1.0,0.7000000000000001
11,left,0.96,0.98,0.02,0.00021829306470246002,1.0,0.02
11,left,1.0,1.04,0.04,0.004937234985097783,1.0,0.06
11,left,1.1,1.54,0.44,4.6631089285828,1.0,0.84
11,left,2.38,2.4,0.02,-0.012334773289720798,1.0,0.12
11,left,2.52,2.94,0.42,3.2621382567904003,1.0,0.06
11,left,3.0,3.06,0.06,2.2756125891393,1.0,1.12
11,left,4.18,4.2,0.02,0.11617245670019999,1.0,0.02
11,left,4.22,4.24,0.02,-0.1070882584695,1.0,0.14
11,left,4.38,4.48,0.1,1.9842257948363002,1.0,0.02
11,left,4.5,4.5200000000000005,0.02,-0.0945882585035012,1.0,1.1
11,left,5.62,5.66,0.04,0.38513506305350004,1.0,0.02
11,left,5.68,5.7,0.02,0.07903445286742104,1.0,0.02
11,left,5.72,5.76,0.04,0.1219917796136,1.0,0.06
11,left,5.82,5.94,0.12,4.9053294751742005,1.0,0.02
11,left,5.96,6.0200000000000005,0.06,0.01964777285373958,1.0,0.04
11,left,6.0600000000000005,6.140000000000001,0.08,0.4887696288636,1.0,0.08
11,left,6.22,6.24,0.02,0.0768258531057475,1.0,0.92
11,left,7.16,7.18,0.02,-0.04609953935658714,1.0,0.06
11,left,7.24,7.26,0.02,0.04895201102710035,1.0,0.08
11,left,7.34,7.36,0.02,0.003960873346033414,1.0,0.06
11,left,7.42,7.6,0.18,1.0535868206186,1.0,0.08
11,left,7.68,7.78,0.1,2.1564671267349,1.0,1.1
11,left,8.88,8.9,0.02,0.1443648399953,1.0,0.02
11,left,8.92,8.94,0.02,0.1522335438025,1.0,0.1
11,left,9.04,9.24,0.2,2.3909145301548,1.0,0.06
11,left,9.3,9.38,0.08,2.3073486943897,1.0,0.96
11,left,10.34,10.36,0.02,0.02561653728986712,1.0,0.04
11,left,10.4,10.42,0.02,0.010267890221419586,1.0,0.14
11,left,10.56,10.68,0.12,1.0386438955525,1.0,0.1
11,left,10.78,10.92,0.14,0.1710051176745,1.0,0.06
11,left,10.98,11.02,0.04,1.285170262309,1.0,0.96
11,right,1.92,2.0,0.08,0.007971354919094828,1.0,0.14
11,right,2.14,2.16,0.02,0.5533627713849,1.0,1.12
11,right,3.28,3.36,0.08,2.2711622404526,1.0,0.16
11,right,3.52,3.6,0.08,1.543059784032,1.0,0.18
11,right,3.78,3.86,0.08,1.1686433528422,1.0,1.08
11,right,4.94,5.0200000000000005,0.08,1.7185046699913,1.0,0.16
11,right,5.18,5.28,0.1,3.9868090755648002,1.0,1.34
11,right,6.62,6.66,0.04,0.29943577409370004,1.0,0.16
11,right,6.82,6.9,0.08,0.6025294939443,1.0,1.26
11,right,8.16,8.28,0.12,3.8165566479404003,1.0,1.5
11,right,9.78,9.86,0.08,5.0657123889771,1.0,0.04
11,right,9.9,9.94,0.04,0.3301278836857,1.0,0.04
11,right,9.98,10.04,0.06,0.43149062469070004,1.0,0.2
11,right,10.24,10.3,0.06,0.7771804142696,1.0,1.04
11,right,11.34,11.4,0.06,1.2661022405707998,1.0,0.16
11,right,11.56,11.62,0.06,2.760975134075,1.0,0.4
12,left,0.08,0.16,0.08,1.5183306038142002,1.0,0.8200000000000001
12,left,0.98,1.06,0.08,0.3311764950166,1.0,0.08
12,left,1.14,1.48,0.34,10.1062482735024,1.0,0.16
12,left,1.64,1.66,0.02,0.030557579260495106,1.0,0.8
12,left,2.46,2.48,0.02,-0.06068868645560041,1.0,0.02
12,left,2.5,2.54,0.04,0.0060173071860846,1.0,0.06
12,left,2.6,2.76,0.16,3.3188658833373,1.0,0.06
12,left,2.82,2.86,0.04,0.1888790594374,1.0,0.02
12,left,2.88,2.94,0.06,0.4279247254025,1.0,0.02
12,left,2.96,3.06,0.1,1.0497098247514,1.0,0.02
12,left,3.08,3.1,0.02,-0.03016384174969917,1.0,0.9400000000000001
12,left,4.04,4.08,0.04,0.4349682784303,1.0,0.08
12,left,4.16,4.3,0.14,2.1800014733458997,1.0,0.08
12,left,4.38,4.62,0.24,3.0762212806167,1.0,0.08
12,left,4.7,4.72,0.02,0.03733132295819907,1.0,0.8
12,left,5.5200000000000005,5.54,0.02,-0.05457457657046579,1.0,0.08
12,left,5.62,5.68,0.06,1.0605966810031,1.0,0.1
12,left,5.78,5.92,0.14,2.0712164265390003,1.0,0.08
12,left,6.0,6.18,0.18,1.5676969930217,1.0,0.02
12,left,6.2,6.22,0.02,0.08975015203868328,1.0,0.02
12,left,6.24,6.26,0.02,0.1373222980863,1.0,0.02
12,left,6.28,6.3,0.02,0.03825407945959834,1.0,0.08
12,left,6.38,6.4,0.02,0.002442945899808636,1.0,0.8
12,left,7.2,7.26,0.06,0.2253362460071,1.0,0.1
12,left,7.36,7.44,0.08,1.0955721251427,1.0,0.08
12,left,7.52,7.68,0.16,1.3589122106043998,1.0,0.06
12,left,7.74,7.76,0.02,0.222076839395,1.0,1.02
12,left,8.78,8.8,0.02,0.1619245723829,1.0,0.02
12,left,8.82,8.84,0.02,0.2826346300558,1.0,0.08
12,left,8.92,9.12,0.2,4.074352551511399,1.0,0.06
12,left,9.18,9.36,0.18,1.5278560829572,1.0,0.06
12,left,9.42,9.54,0.12,2.7560407621916,1.0,0.84
12,left,10.38,10.4,0.02,0.005401400196773654,1.0,0.16
12,left,10.56,10.6,0.04,0.503469000746,1.0,0.08
12,left,10.68,10.78,0.1,0.9730507987704999,1.0,0.16
12,left,10.94,10.98,0.04,1.4952160091396,1.0,0.04
12,left,11.02,11.04,0.02,0.010384032278515363,1.0,0.98
12,right,1.7,1.78,0.08,2.0490888078586,1.0,0.22
12,right,2.0,2.08,0.08,1.1051109022282999,1.0,0.14
12,right,2.22,2.28,0.06,0.8253879402147,1.0,1.04
12,right,3.3200000000000003,3.44,0.12,2.2034788812431,1.0,0.14
12,right,3.58,3.72,0.14,3.8105587223996,1.0,1.3800000000000001
12,right,5.1000000000000005,5.18,0.08,1.7282542755893,1.0,0.16
12,right,5.34,5.38,0.04,1.2624751345914,1.0,1.24
12,right,6.62,6.74,0.12,2.2182292157965,1.0,0.14
12,right,6.88,6.96,0.08,1.4501534866099999,1.0,1.22
12,right,8.18,8.26,0.08,1.2284248079391,1.0,0.18
12,right,8.44,8.52,0.08,1.2906402369130001,1.0,1.28
12,right,9.8,9.96,0.16,6.3772869064297,1.0,0.22
12,right,10.18,10.3,0.12,3.0217582644523997,1.0,1.08
12,right,11.38,11.5,0.12,1.6880217017984,1.0,0.16
12,right,11.66,11.72,0.06,0.3141169192043,1.0,0.3
13,left,0.98,1.0,0.02,-0.05220357058083498,1.0,0.06
13,left,1.06,1.08,0.02,0.011759068238135705,1.0,0.02
13,left,1.1,1.38,0.28,1.3481684901357,1.0,0.04
13,left,1.42,1.48,0.06,1.7723735610616,1.0,1.0
13,left,2.48,2.66,0.18,2.682386954496,1.0,0.02
13,left,2.68,2.74,0.06,0.5937255312384,1.0,0.08
13,left,2.82,2.9,0.08,0.7204860760625,1.0,0.1
13,left,3.0,3.08,0.08,4.8488335806283995,1.0,1.1
13,left,4.18,4.2,0.02,0.0138386509016767,1.0,0.06
13,left,4.26,4.3,0.04,0.2435300048653,1.0,0.04
13,left,4.34,4.42,0.08,0.1427319296314,1.0,0.06
13,left,4.48,4.64,0.16,4.0887835616104,1.0,1.02
13,left,5.66,5.68,0.02,0.2389794616892,1.0,0.14
13,left,5.82,5.88,0.06,0.0200383725171005,1.0,0.12
13,left,6.0,6.26,0.26,2.1325729279938,1.0,0.08
13,left,6.34,6.38,0.04,0.9046631332649,1.0,0.78
13,left,7.16,7.2,0.04,0.061972966146755896,1.0,0.02
13,left,7.22,7.26,0.04,0.1777713697196,1.0,0.1
13,left,7.36,7.5,0.14,1.569131590999,1.0,0.06
13,left,7.56,7.72,0.16,0.455272710749,1.0,0.04
13,left,7.76,7.82,0.06,1.1593275082884,1.0,0.02
13,left,7.84,7.88,0.04,0.30220453994799995,1.0,0.96
13,left,8.84,8.86,0.02,-0.07746273691818309,1.0,0.02
13,left,8.88,8.9,0.02,0.1133477453655,1.0,0.1
13,left,9.0,9.02,0.02,-0.12902775044390002,1.0,0.02
13,left,9.04,9.06,0.02,-0.1351582910395,1.0,0.02
13,left,9.08,9.14,0.06,0.0368199409051858,1.0,0.06
13,left,9.2,9.3,0.1,1.0538678956628,1.0,1.04
13,left,10.34,10.38,0.04,0.0031297924148058,1.0,0.14
13,left,10.52,10.56,0.04,0.7466980800023999,1.0,0.02
13,left,10.58,10.6,0.02,0.6923134364678,1.0,0.1
13,left,10.7,10.88,0.18,1.8195297569581,1.0,0.06
13,left,10.94,10.96,0.02,0.1640431246772,1.0,1.06
13,right,1.84,1.94,0.1,0.7109963995857,1.0,0.16
13,right,2.1,2.16,0.06,2.1313995311645,1.0,1.18
13,right,3.34,3.44,0.1,0.9076900387219999,1.0,0.14
13,right,3.58,3.66,0.08,3.1430119528156997,1.0,0.04
13,right,3.7,3.72,0.02,0.0002828067591905889,1.0,1.22
13,right,4.94,5.16,0.22,3.9555029871987997,1.0,0.14
13,right,5.3,5.34,0.04,1.7534685023998,1.0,0.04
13,right,5.38,5.4,0.02,0.06336059043416395,1.0,1.16
13,right,6.5600000000000005,6.62,0.06,2.8182634108872,1.0,0.12
13,right,6.74,6.78,0.04,0.2003335547577,1.0,1.44
13,right,8.22,8.3,0.08,1.1953612410027001,1.0,0.16
13,right,8.46,8.5,0.04,0.24147640497950001,1.0,1.26
13,right,9.76,9.86,0.1,1.3835808543498,1.0,0.2
13,right,10.06,10.1,0.04,0.4079815583156,1.0,1.32
13,right,11.42,11.52,0.1,1.5362988239409001,1.0,0.18
13,right,11.7,11.8,0.1,1.8814089768739,1.0,0.22
14,left,1.04,1.1,0.06,0.5573059477336,1.0,0.04
14,left,1.14,1.4,0.26,2.6723617428415,1.0,0.06
14,left,1.46,1.6,0.14,2.0355326970560004,1.0,0.96
14,left,2.56,2.58,0.02,0.01785430760010715,1.0,0.06
14,left,2.64,2.76,0.12,1.2085404607066,1.0,0.06
14,left,2.82,3.1,0.28,1.8887904692364,1.0,0.92
14,left,4.0200000000000005,4.04,0.02,0.042358862751374834,1.0,0.02
14,left,4.0600000000000005,4.08,0.02,-0.14625886427229998,1.0,0.02
14,left,4.1,4.12,0.02,0.3573851131449,1.0,0.14
14,left,4.26,4.38,0.12,1.5653153743952999,1.0,0.06
14,left,4.44,4.46,0.02,0.1299117652712,1.0,0.08
14,left,4.54,4.5600000000000005,0.02,0.0546310947070203,1.0,0.04
14,left,4.6000000000000005,4.62,0.02,-0.08391895668345262,1.0,0.76
14,left,5.38,5.4,0.02,0.011425992597248122,1.0,0.22
14,left,5.62,5.64,0.02,0.07539200713615068,1.0,0.02
14,left,5.66,5.68,0.02,-0.006072716254587954,1.0,0.14
14,left,5.82,5.84,0.02,0.282063312389,1.0,0.02
14,left,5.86,5.88,0.02,0.07608343578856432,1.0,0.12
14,left,6.0,6.08,0.08,1.3287901174277,1.0,0.02
14,left,6.1000000000000005,6.12,0.02,-0.2826260830123,1.0,2.82
14,left,8.94,8.96,0.02,0.349210191361,1.0,0.1
14,left,9.06,9.14,0.08,0.877588740019,1.0,1.28
14,left,10.42,10.46,0.04,0.3660369560403,1.0,0.18
14,left,10.64,10.72,0.08,0.3243566010273,1.0,0.12
14,left,10.84,10.9,0.06,0.5409328047629001,1.0,1.12
14,right,1.68,1.7,0.02,0.2842184606152,1.0,0.12
14,right,1.82,1.84,0.02,0.1428654911286,1.0,0.1
14,right,1.94,1.98,0.04,0.006830985767775771,1.0,1.5
14,right,3.48,3.5,0.02,0.015695129495231844,1.0,1.42
14,right,4.92,5.0200000000000005,0.1,1.6892318934412,1.0,0.14
14,right,5.16,5.26,0.1,3.4685747137301997,1.0,0.24
14,right,5.5,5.5200000000000005,0.02,-0.07688436717823502,1.0,1.46
14,right,6.98,7.0200000000000005,0.04,0.08667224971336228,1.0,1.36
14,right,8.38,8.46,0.08,0.8257603237331,1.0,1.3
14,right,9.76,9.8,0.04,0.3875551620513,1.0,1.6600000000000001
14,right,11.46,11.6,0.14,2.7453485994573996,1.0,0.18
14,right,11.78,11.82,0.04,0.8894107574008,1.0,0.2
15,left,1.06,1.44,0.38,3.4407871783850004,1.0,1.0
15,left,2.44,2.56,0.12,0.9802261175497,1.0,0.04
15,left,2.6,3.08,0.48,6.0022177544368995,1.0,0.96
15,left,4.04,4.0600000000000005,0.02,0.12222618216730001,1.0,0.02
15,left,4.08,4.1,0.02,0.4521504664256,1.0,0.08
15,left,4.18,4.32,0.14,1.5220546862485,1.0,0.18
15,left,4.5,4.5200000000000005,0.02,0.09832600706298315,1.0,0.02
15,left,4.54,4.5600000000000005,0.02,0.23449485179010002,1.0,0.02
15,left,4.58,4.6000000000000005,0.02,-0.008356060905026844,1.0,0.02
15,left,4.62,4.64,0.02,0.0112131410049017,1.0,0.02
15,left,4.66,4.68,0.02,0.012443092485095106,1.0,1.1
15,left,5.78,5.8,0.02,0.238396931121,1.0,0.1
15,left,5.9,6.0200000000000005,0.12,0.7565898766661,1.0,0.06
15,left,6.08,6.1000000000000005,0.02,0.237934662884,1.0,0.02
15,left,6.12,6.18,0.06,0.054733716506055394,1.0,0.02
15,left,6.2,6.22,0.02,-0.017183414852755055,1.0,0.1
15,left,6.32,6.36,0.04,0.1542923303265,1.0,1.1400000000000001
15,left,7.5,7.52,0.02,0.0918255169338536,1.0,0.16
15,left,7.68,7.78,0.1,0.330534519728,1.0,0.02
15,left,7.8,7.82,0.02,0.3437165180735,1.0,0.12
15,left,7.94,7.98,0.04,0.04710284767099875,1.0,0.8200000000000001
15,left,8.8,8.86,0.06,0.036646981592400665,1.0,0.2
15,left,9.06,9.52,0.46,0.2754675243706,1.0,0.02
15,left,9.54,9.56,0.02,-0.1289575372628,1.0,0.92
15,left,10.48,10.58,0.1,1.2810716678075,1.0,0.12
15,left,10.7,10.72,0.02,0.1166735463933,1.0,0.02
15,left,10.74,10.82,0.08,0.6142976961439,1.0,0.06
15,left,10.88,10.9,0.02,0.02129306184360112,1.0,1.12
15,right,1.66,1.74,0.08,1.1777850070572,1.0,0.16
15,right,1.9,1.96,0.06,0.6420927793818,1.0,1.4000000000000001
15,right,3.36,3.58,0.22,6.2050536226836,1.0,0.16
15,right,3.74,3.78,0.04,0.7660835286193,1.0,1.08
15,right,4.86,4.9,0.04,0.8495420579298,1.0,0.02
15,right,4.92,4.94,0.02,0.05177427870449187,1.0,0.18
15,right,5.12,5.16,0.04,0.2459633524634,1.0,0.12
15,right,5.28,5.32,0.04,0.5379202593214,1.0,1.34
15,right,6.66,6.74,0.08,1.7861672506977,1.0,0.16
15,right,6.9,6.94,0.04,0.04360835423991311,1.0,1.2
15,right,8.14,8.18,0.04,0.035696645839993456,1.0,0.18
15,right,8.36,8.38,0.02,0.0871991349662331,1.0,0.02
15,right,8.4,8.46,0.06,1.4608269692026001,1.0,1.36
15,right,9.82,9.98,0.16,4.9487385922398,1.0,0.16
15,right,10.14,10.24,0.1,1.1562482333853,1.0,1.12
15,right,11.36,11.42,0.06,0.7101807202323001,1.0,0.48
15,right,11.9,11.92,0.02,0.005597676256114889,1.0,0.02
15,right,11.94,11.96,0.02,0.107013630645,1.0,0.06
16,left,1.06,1.08,0.02,0.010218812091599036,1.0,0.02
16,left,1.1,1.24,0.14,0.7512008790807999,1.0,0.06
16,left,1.3,1.44,0.14,6.276204743523801,1.0,0.76
16,left,2.2,2.22,0.02,0.1819082342472,1.0,0.22
16,left,2.44,2.46,0.02,0.2162852029522,1.0,0.2
16,left,2.66,2.8000000000000003,0.14,1.4408241478597,1.0,0.08
16,left,2.88,2.92,0.04,1.2111490812160999,1.0,0.02
16,left,2.94,2.96,0.02,-0.2026803398501,1.0,1.04
16,left,4.0,4.0600000000000005,0.06,0.6185494614321,1.0,0.08
16,left,4.14,4.34,0.2,3.6666772129419,1.0,0.06
16,left,4.4,4.58,0.18,0.8746690853395,1.0,0.06
16,left,4.64,4.72,0.08,3.177946776655,1.0,0.18
16,left,4.9,4.92,0.02,-0.03228414788695967,1.0,0.74
16,left,5.66,5.76,0.1,0.5868382347232,1.0,0.08
16,left,5.84,6.0200000000000005,0.18,2.1155809371846996,1.0,0.06
16,left,6.08,6.140000000000001,0.06,0.668110384267,1.0,0.02
16,left,6.16,6.18,0.02,0.42330535848609996,1.0,0.06
16,left,6.24,6.36,0.12,2.0913622851649003,1.0,0.84
16,left,7.2,7.26,0.06,0.6098714877779999,1.0,0.08
16,left,7.34,7.46,0.12,2.2774289633481,1.0,0.14
16,left,7.6,7.8,0.2,1.3022750279287,1.0,0.02
16,left,7.82,7.84,0.02,0.6031803793919,1.0,0.08
16,left,7.92,7.94,0.02,0.4904700634136,1.0,0.86
16,left,8.8,8.82,0.02,0.12529728044240002,1.0,0.1
16,left,8.92,9.06,0.14,1.675383412842,1.0,0.12
16,left,9.18,9.3,0.12,1.3752199700417,1.0,0.04
16,left,9.34,9.44,0.1,1.9066233953202,1.0,0.92
16,left,10.36,10.38,0.02,0.010688214198847912,1.0,0.2
16,left,10.58,10.66,0.08,0.9187129423833,1.0,0.06
16,left,10.72,10.86,0.14,1.1597206926605002,1.0,0.08
16,left,10.94,10.98,0.04,0.21166157639390001,1.0,1.04
16,right,1.7,1.86,0.16,5.3932919377406,1.0,0.16
16,right,2.02,2.12,0.1,1.8601575178658,1.0,1.24
16,right,3.36,3.44,0.08,1.4586703005209,1.0,0.18
16,right,3.62,3.66,0.04,1.338001757218,1.0,1.3
16,right,4.96,5.0600000000000005,0.1,3.9713170063663,1.0,0.08
16,right,5.14,5.24,0.1,1.7553065359834,1.0,1.3
16,right,6.54,6.640000000000001,0.1,2.7738960183356,1.0,0.16
16,right,6.8,6.92,0.12,2.8518005864551,1.0,0.16
16,right,7.08,7.1000000000000005,0.02,0.005068712325322208,1.0,1.06
16,right,8.16,8.3,0.14,1.782208881259,1.0,0.2
16,right,8.5,8.58,0.08,3.1082459643708003,1.0,1.1400000000000001
16,right,9.72,9.82,0.1,2.1333378767538997,1.0,0.22
16,right,10.04,10.06,0.02,0.2720674510366,1.0,0.2
16,right,10.26,10.3,0.04,0.6213004617283,1.0,1.1
16,right,11.4,11.48,0.08,2.0946804668528003,1.0,0.16
16,right,11.64,11.66,0.02,0.2395206060433,1.0,0.36
17,left,1.06,1.08,0.02,-0.08807804719461465,1.0,0.12
17,left,1.2,1.28,0.08,0.4453214601211,1.0,0.06
17,left,1.34,1.42,0.08,0.3105138759002,1.0,0.12
17,left,1.54,1.62,0.08,0.36975191779530003,1.0,0.8
17,left,2.42,2.46,0.04,0.24912279339920002,1.0,0.14
17,left,2.6,2.62,0.02,-0.1263865104946,1.0,0.02
17,left,2.64,2.66,0.02,-0.0515445266195385,1.0,0.16
17,left,2.82,2.84,0.02,0.05342548149819132,1.0,0.02
17,left,2.86,2.88,0.02,0.3896738308259,1.0,0.02
17,left,2.9,2.92,0.02,0.05573427880729322,1.0,0.02
17,left,2.94,3.04,0.1,0.4942629598347,1.0,0.02
17,left,3.06,3.08,0.02,0.43930986037849995,1.0,0.98
17,left,4.0600000000000005,4.18,0.12,2.5018885983821,1.0,0.06
17,left,4.24,4.48,0.24,3.8767772159198,1.0,0.08
17,left,4.5600000000000005,4.6000000000000005,0.04,0.5612132859095,1.0,2.74
17,left,7.34,7.36,0.02,0.024838231180488064,1.0,0.02
17,left,7.38,7.4,0.02,-0.04428834818319621,1.0,0.08
17,left,7.48,7.54,0.06,1.2665965803650001,1.0,1.32
17,left,8.86,8.88,0.02,0.01102079889598543,1.0,0.14
17,left,9.02,9.1,0.08,1.0024501711420002,1.0,0.12
17,left,9.22,9.24,0.02,-0.08006155450329959,1.0,0.02
17,left,9.26,9.28,0.02,-0.06046606375034822,1.0,0.86
17,left,10.14,10.2,0.06,0.6748589416841,1.0,0.48
17,left,10.68,10.78,0.1,0.9380108906784,1.0,0.04
17,left,10.82,10.84,0.02,0.08118809885208825,1.0,0.04
17,left,10.88,10.94,0.06,0.0674245857373093,1.0,1.08
17,right,1.66,1.72,0.06,1.5630363048194,1.0,0.06
17,right,1.78,1.84,0.06,0.08008178958686732,1.0,0.16
17,right,2.0,2.02,0.02,0.023953573532601788,1.0,1.28
17,right,3.3000000000000003,3.48,0.18,4.6065473499806,1.0,0.22
17,right,3.7,3.76,0.06,1.2848888323984,1.0,1.16
17,right,4.92,4.98,0.06,0.2892942802287,1.0,1.74
17,right,6.72,6.76,0.04,0.1392973499644,1.0,0.24
17,right,7.0,7.0200000000000005,0.02,0.109695585141,1.0,1.1400000000000001
17,right,8.16,8.26,0.1,1.4699152320900999,1.0,1.5
17,right,9.76,9.8,0.04,0.8744129812519,1.0,0.18
17,right,9.98,10.08,0.1,1.5993275036766,1.0,0.16
17,right,10.24,10.26,0.02,0.02495853822162856,1.0,1.08
17,right,11.34,11.42,0.08,1.685547012932,1.0,0.18
17,right,11.6,11.76,0.16,2.3681379503695,1.0,0.26
18,left,0.06,0.08,0.02,0.006575400448359785,1.0,1.1
18,left,1.18,1.22,0.04,0.35423390449229997,1.0,0.2
18,left,1.42,1.44,0.02,-0.08685520461090226,1.0,0.02
18,left,1.46,1.5,0.04,0.3651895273152,1.0,0.14
18,left,1.64,1.66,0.02,0.00421373495446218,1.0,0.8200000000000001
18,left,2.48,2.5,0.02,0.44301938431169996,1.0,0.1
18,left,2.6,2.66,0.06,0.09502027246246872,1.0,0.12
18,left,2.78,3.08,0.3,1.4261511887657998,1.0,0.02
18,left,3.1,3.12,0.02,-0.03700249488510811,1.0,0.12
18,left,3.24,3.26,0.02,0.014699318965122506,1.0,0.78
18,left,4.04,4.0600000000000005,0.02,0.0007771303667095976,1.0,0.1
18,left,4.16,4.24,0.08,0.2596263538366,1.0,0.02
18,left,4.26,4.28,0.02,-0.21874654423019999,1.0,0.02
18,left,4.3,4.32,0.02,-0.1305352328471,1.0,0.02
18,left,4.34,4.46,0.12,0.6973616051115,1.0,0.06
18,left,4.5200000000000005,4.58,0.06,1.3205803292119,1.0,1.2
18,left,5.78,5.9,0.12,0.4779682826714,1.0,0.06
18,left,5.96,6.08,0.12,2.2691270918186,1.0,0.04
18,left,6.12,6.140000000000001,0.02,-0.01842547952621591,1.0,1.4000000000000001
18,left,7.54,7.56,0.02,0.062090317500004474,1.0,0.02
18,left,7.58,7.72,0.14,1.76651511893,1.0,0.04
18,left,7.76,7.86,0.1,1.5654794625577,1.0,0.98
18,left,8.84,8.92,0.08,0.9820281858075001,1.0,0.06
18,left,8.98,9.06,0.08,0.293033868044,1.0,0.08
18,left,9.14,9.26,0.12,0.9435319654493,1.0,0.08
18,left,9.34,9.36,0.02,0.5395034750747001,1.0,0.04
18,left,9.4,9.42,0.02,-0.04125626011731347,1.0,1.0
18,left,10.42,10.44,0.02,0.003056682682220195,1.0,0.12
18,left,10.56,10.7,0.14,1.9946701099329998,1.0,0.08
18,left,10.78,10.8,0.02,-0.1010156874199,1.0,0.02
18,left,10.82,11.1,0.28,1.6326618476152,1.0,0.92
18,right,1.68,1.78,0.1,1.4469387078547,1.0,0.14
18,right,1.92,1.94,0.02,0.0960976600338278,1.0,1.42
18,right,3.36,3.4,0.04,0.590996962289,1.0,0.16
18,right,3.56,3.6,0.04,0.1096966058173,1.0,0.02
18,right,3.62,3.64,0.02,0.1990643409158,1.0,1.26
18,right,4.9,4.94,0.04,0.2256372016292,1.0,0.18
18,right,5.12,5.24,0.12,2.7520127807812,1.0,0.16
18,right,5.4,5.46,0.06,0.7626172997014,1.0,0.02
18,right,5.48,5.5,0.02,0.0407643527027793,1.0,1.28
18,right,6.78,6.82,0.04,0.6792157698019999,1.0,0.2
18,right,7.0200000000000005,7.08,0.06,0.3570956789354,1.0,1.1400000000000001
18,right,8.22,8.38,0.16,3.191536770435,1.0,0.18
18,right,8.56,8.620000000000001,0.06,1.8022601770596,1.0,1.12
18,right,9.74,9.86,0.12,1.0462558189127,1.0,0.16
18,right,10.02,10.04,0.02,1.3644200877244002,1.0,0.24
18,right,10.28,10.3,0.02,0.002096116780664608,1.0,0.02
18,right,10.32,10.34,0.02,0.3213829662643,1.0,1.06
18,right,11.4,11.56,0.16,4.7341848291039,1.0,0.24
18,right,11.8,11.88,0.08,1.0042103118587,1.0,0.14
19,left,0.08,0.14,0.06,0.4323188883357,1.0,0.84
19,left,0.98,1.0,0.02,-0.0439231251277831,1.0,0.1
19,left,1.1,1.38,0.28,8.698125127966101,1.0,1.08
19,left,2.46,2.48,0.02,0.0011978686349934514,1.0,0.16
19,left,2.64,2.68,0.04,0.1548600552997,1.0,0.14
19,left,2.82,2.92,0.1,0.8841650571813,1.0,1.1
19,left,4.0200000000000005,4.16,0.14,1.9994071141496,1.0,0.08
19,left,4.24,4.32,0.08,1.1245086135309001,1.0,0.08
19,left,4.4,4.62,0.22,4.445533365041101,1.0,1.0
19,left,5.62,5.64,0.02,0.08254733517765872,1.0,0.02
19,left,5.66,5.72,0.06,0.26066095690749996,1.0,0.08
19,left,5.8,5.92,0.12,0.6768835184971,1.0,0.02
19,left,5.94,5.96,0.02,0.0021145979822254773,1.0,0.06
19,left,6.0200000000000005,6.04,0.02,0.4579043120284,1.0,1.1400000000000001
19,left,7.18,7.2,0.02,0.027181482772501483,1.0,0.04
19,left,7.24,7.26,0.02,0.40952470387330003,1.0,0.02
19,left,7.28,7.3,0.02,0.018851055432443208,1.0,0.08
19,left,7.38,7.58,0.2,2.7988628780288,1.0,0.06
19,left,7.640000000000001,7.82,0.18,1.0325927121825,1.0,1.0
19,left,8.82,8.84,0.02,0.05670820270969011,1.0,0.02
19,left,8.86,8.88,0.02,0.1411937886087,1.0,0.08
19,left,8.96,9.1,0.14,2.4659478039075,1.0,0.04
19,left,9.14,9.16,0.02,-0.140338692307,1.0,0.04
19,left,9.2,9.26,0.06,0.7301109900796,1.0,0.02
19,left,9.28,9.3,0.02,0.09686104972933889,1.0,0.02
19,left,9.32,9.48,0.16,3.1372041989903003,1.0,0.9
19,left,10.38,10.4,0.02,-0.02628448997401677,1.0,0.02
19,left,10.42,10.44,0.02,0.04216201095950771,1.0,0.14
19,left,10.58,10.7,0.12,1.1721767608302,1.0,0.06
19,left,10.76,10.88,0.12,0.7622570371318,1.0,0.08
19,left,10.96,11.0,0.04,0.8239183999907,1.0,0.04
19,left,11.04,11.06,0.02,-0.09978917100689125,1.0,0.96
19,right,1.8,1.92,0.12,1.3672737615398,1.0,0.14
19,right,2.06,2.08,0.02,0.028080420000129933,1.0,0.02
19,right,2.1,2.18,0.08,1.1611541826201999,1.0,1.18
19,right,3.36,3.6,0.24,6.0446690450934,1.0,0.16
19,right,3.76,3.84,0.08,3.8477992281346,1.0,1.16
19,right,5.0,5.1000000000000005,0.1,1.6250771432237,1.0,0.18
19,right,5.28,5.34,0.06,1.0985984270528,1.0,1.22
19,right,6.5600000000000005,6.640000000000001,0.08,1.1360188454702,1.0,0.12
19,right,6.76,6.8,0.04,0.5887224572567,1.0,0.16
19,right,6.96,6.98,0.02,0.006247188510650689,1.0,1.2
19,right,8.18,8.3,0.12,2.8533817080542,1.0,0.14
19,right,8.44,8.5,0.06,1.8230963168921999,1.0,1.4000000000000001
19,right,9.9,10.02,0.12,1.979030826508,1.0,0.18
19,right,10.2,10.22,0.02,0.037724711637794096,1.0,1.16
19,right,11.38,11.54,0.16,3.633339938619,1.0,0.2
19,right,11.74,11.76,0.02,-0.1320588601045,1.0,0.02
19,right,11.78,11.82,0.04,0.554736960564,1.0,0.02
19,right,11.84,11.86,0.02,0.08560827880743811,1.0,0.16
